cohort_month,month_n,customers,retention
2009-12-01,0,951,1.0
2009-12-01,1,333,0.3502
2009-12-01,2,317,0.3333
2009-12-01,3,404,0.4248
2009-12-01,4,360,0.3785
2009-12-01,5,342,0.3596
2009-12-01,6,358,0.3764
2009-12-01,7,327,0.3438
2009-12-01,8,321,0.3375
2009-12-01,9,344,0.3617
2009-12-01,10,401,0.4217
2009-12-01,11,472,0.4963
2009-12-01,12,358,0.3764
2009-12-01,13,268,0.2818
2009-12-01,14,232,0.244
2009-12-01,15,288,0.3028
2009-12-01,16,250,0.2629
2009-12-01,17,288,0.3028
2009-12-01,18,270,0.2839
2009-12-01,19,246,0.2587
2009-12-01,20,242,0.2545
2009-12-01,21,298,0.3134
2009-12-01,22,289,0.3039
2009-12-01,23,386,0.4059
2009-12-01,24,187,0.1966
2010-01-01,0,368,1.0
2010-01-01,1,79,0.2147
2010-01-01,2,118,0.3207
2010-01-01,3,116,0.3152
2010-01-01,4,100,0.2717
2010-01-01,5,114,0.3098
2010-01-01,6,99,0.269
2010-01-01,7,86,0.2337
2010-01-01,8,105,0.2853
2010-01-01,9,120,0.3261
2010-01-01,10,114,0.3098
2010-01-01,11,66,0.1793
2010-01-01,12,84,0.2283
2010-01-01,13,66,0.1793
2010-01-01,14,72,0.1957
2010-01-01,15,56,0.1522
2010-01-01,16,90,0.2446
2010-01-01,17,75,0.2038
2010-01-01,18,71,0.1929
2010-01-01,19,74,0.2011
2010-01-01,20,93,0.2527
2010-01-01,21,73,0.1984
2010-01-01,22,93,0.2527
2010-01-01,23,21,0.0571
2010-02-01,0,375,1.0
2010-02-01,1,88,0.2347
2010-02-01,2,85,0.2267
2010-02-01,3,110,0.2933
2010-02-01,4,92,0.2453
2010-02-01,5,74,0.1973
2010-02-01,6,72,0.192
2010-02-01,7,108,0.288
2010-02-01,8,96,0.256
2010-02-01,9,104,0.2773
2010-02-01,10,43,0.1147
2010-02-01,11,47,0.1253
2010-02-01,12,57,0.152
2010-02-01,13,66,0.176
2010-02-01,14,46,0.1227
2010-02-01,15,75,0.2
2010-02-01,16,60,0.16
2010-02-01,17,61,0.1627
2010-02-01,18,54,0.144
2010-02-01,19,86,0.2293
2010-02-01,20,86,0.2293
2010-02-01,21,62,0.1653
2010-02-01,22,22,0.0587
2010-03-01,0,441,1.0
2010-03-01,1,84,0.1905
2010-03-01,2,102,0.2313
2010-03-01,3,107,0.2426
2010-03-01,4,102,0.2313
2010-03-01,5,90,0.2041
2010-03-01,6,109,0.2472
2010-03-01,7,135,0.3061
2010-03-01,8,122,0.2766
2010-03-01,9,48,0.1088
2010-03-01,10,50,0.1134
2010-03-01,11,64,0.1451
2010-03-01,12,88,0.1995
2010-03-01,13,72,0.1633
2010-03-01,14,88,0.1995
2010-03-01,15,75,0.1701
2010-03-01,16,77,0.1746
2010-03-01,17,69,0.1565
2010-03-01,18,78,0.1769
2010-03-01,19,90,0.2041
2010-03-01,20,94,0.2132
2010-03-01,21,34,0.0771
2010-04-01,0,294,1.0
2010-04-01,1,56,0.1905
2010-04-01,2,56,0.1905
2010-04-01,3,47,0.1599
2010-04-01,4,54,0.1837
2010-04-01,5,65,0.2211
2010-04-01,6,81,0.2755
2010-04-01,7,78,0.2653
2010-04-01,8,31,0.1054
2010-04-01,9,32,0.1088
2010-04-01,10,22,0.0748
2010-04-01,11,41,0.1395
2010-04-01,12,42,0.1429
2010-04-01,13,46,0.1565
2010-04-01,14,46,0.1565
2010-04-01,15,46,0.1565
2010-04-01,16,41,0.1395
2010-04-01,17,44,0.1497
2010-04-01,18,53,0.1803
2010-04-01,19,67,0.2279
2010-04-01,20,17,0.0578
2010-05-01,0,255,1.0
2010-05-01,1,40,0.1569
2010-05-01,2,43,0.1686
2010-05-01,3,45,0.1765
2010-05-01,4,45,0.1765
2010-05-01,5,65,0.2549
2010-05-01,6,54,0.2118
2010-05-01,7,32,0.1255
2010-05-01,8,15,0.0588
2010-05-01,9,21,0.0824
2010-05-01,10,29,0.1137
2010-05-01,11,34,0.1333
2010-05-01,12,39,0.1529
2010-05-01,13,39,0.1529
2010-05-01,14,25,0.098
2010-05-01,15,32,0.1255
2010-05-01,16,35,0.1373
2010-05-01,17,42,0.1647
2010-05-01,18,39,0.1529
2010-05-01,19,12,0.0471
2010-06-01,0,267,1.0
2010-06-01,1,47,0.176
2010-06-01,2,50,0.1873
2010-06-01,3,55,0.206
2010-06-01,4,62,0.2322
2010-06-01,5,76,0.2846
2010-06-01,6,34,0.1273
2010-06-01,7,24,0.0899
2010-06-01,8,22,0.0824
2010-06-01,9,30,0.1124
2010-06-01,10,28,0.1049
2010-06-01,11,37,0.1386
2010-06-01,12,40,0.1498
2010-06-01,13,33,0.1236
2010-06-01,14,30,0.1124
2010-06-01,15,33,0.1236
2010-06-01,16,35,0.1311
2010-06-01,17,54,0.2022
2010-06-01,18,13,0.0487
2010-07-01,0,185,1.0
2010-07-01,1,29,0.1568
2010-07-01,2,34,0.1838
2010-07-01,3,55,0.2973
2010-07-01,4,54,0.2919
2010-07-01,5,26,0.1405
2010-07-01,6,21,0.1135
2010-07-01,7,27,0.1459
2010-07-01,8,27,0.1459
2010-07-01,9,21,0.1135
2010-07-01,10,25,0.1351
2010-07-01,11,27,0.1459
2010-07-01,12,24,0.1297
2010-07-01,13,25,0.1351
2010-07-01,14,36,0.1946
2010-07-01,15,32,0.173
2010-07-01,16,44,0.2378
2010-07-01,17,15,0.0811
2010-08-01,0,163,1.0
2010-08-01,1,32,0.1963
2010-08-01,2,47,0.2883
2010-08-01,3,53,0.3252
2010-08-01,4,27,0.1656
2010-08-01,5,19,0.1166
2010-08-01,6,16,0.0982
2010-08-01,7,21,0.1288
2010-08-01,8,22,0.135
2010-08-01,9,21,0.1288
2010-08-01,10,21,0.1288
2010-08-01,11,19,0.1166
2010-08-01,12,24,0.1472
2010-08-01,13,28,0.1718
2010-08-01,14,28,0.1718
2010-08-01,15,32,0.1963
2010-08-01,16,12,0.0736
2010-09-01,0,239,1.0
2010-09-01,1,55,0.2301
2010-09-01,2,56,0.2343
2010-09-01,3,31,0.1297
2010-09-01,4,21,0.0879
2010-09-01,5,25,0.1046
2010-09-01,6,33,0.1381
2010-09-01,7,23,0.0962
2010-09-01,8,31,0.1297
2010-09-01,9,31,0.1297
2010-09-01,10,29,0.1213
2010-09-01,11,24,0.1004
2010-09-01,12,54,0.2259
2010-09-01,13,40,0.1674
2010-09-01,14,40,0.1674
2010-09-01,15,13,0.0544
2010-10-01,0,375,1.0
2010-10-01,1,97,0.2587
2010-10-01,2,55,0.1467
2010-10-01,3,47,0.1253
2010-10-01,4,33,0.088
2010-10-01,5,31,0.0827
2010-10-01,6,49,0.1307
2010-10-01,7,52,0.1387
2010-10-01,8,40,0.1067
2010-10-01,9,35,0.0933
2010-10-01,10,40,0.1067
2010-10-01,11,48,0.128
2010-10-01,12,72,0.192
2010-10-01,13,87,0.232
2010-10-01,14,26,0.0693
2010-11-01,0,326,1.0
2010-11-01,1,57,0.1748
2010-11-01,2,31,0.0951
2010-11-01,3,31,0.0951
2010-11-01,4,25,0.0767
2010-11-01,5,29,0.089
2010-11-01,6,42,0.1288
2010-11-01,7,33,0.1012
2010-11-01,8,28,0.0859
2010-11-01,9,30,0.092
2010-11-01,10,36,0.1104
2010-11-01,11,48,0.1472
2010-11-01,12,82,0.2515
2010-11-01,13,21,0.0644
2010-12-01,0,76,1.0
2010-12-01,1,7,0.0921
2010-12-01,2,4,0.0526
2010-12-01,3,7,0.0921
2010-12-01,4,9,0.1184
2010-12-01,5,5,0.0658
2010-12-01,6,4,0.0526
2010-12-01,7,7,0.0921
2010-12-01,8,4,0.0526
2010-12-01,9,2,0.0263
2010-12-01,10,7,0.0921
2010-12-01,11,15,0.1974
2010-12-01,12,2,0.0263
2011-01-01,0,72,1.0
2011-01-01,1,12,0.1667
2011-01-01,2,16,0.2222
2011-01-01,3,14,0.1944
2011-01-01,4,16,0.2222
2011-01-01,5,11,0.1528
2011-01-01,6,11,0.1528
2011-01-01,7,9,0.125
2011-01-01,8,8,0.1111
2011-01-01,9,15,0.2083
2011-01-01,10,18,0.25
2011-01-01,11,8,0.1111
2011-02-01,0,125,1.0
2011-02-01,1,20,0.16
2011-02-01,2,20,0.16
2011-02-01,3,23,0.184
2011-02-01,4,27,0.216
2011-02-01,5,20,0.16
2011-02-01,6,20,0.16
2011-02-01,7,19,0.152
2011-02-01,8,19,0.152
2011-02-01,9,23,0.184
2011-02-01,10,8,0.064
2011-03-01,0,179,1.0
2011-03-01,1,32,0.1788
2011-03-01,2,39,0.2179
2011-03-01,3,36,0.2011
2011-03-01,4,40,0.2235
2011-03-01,5,27,0.1508
2011-03-01,6,37,0.2067
2011-03-01,7,36,0.2011
2011-03-01,8,43,0.2402
2011-03-01,9,17,0.095
2011-04-01,0,106,1.0
2011-04-01,1,26,0.2453
2011-04-01,2,21,0.1981
2011-04-01,3,21,0.1981
2011-04-01,4,19,0.1792
2011-04-01,5,25,0.2358
2011-04-01,6,19,0.1792
2011-04-01,7,27,0.2547
2011-04-01,8,12,0.1132
2011-05-01,0,111,1.0
2011-05-01,1,26,0.2342
2011-05-01,2,27,0.2432
2011-05-01,3,18,0.1622
2011-05-01,4,24,0.2162
2011-05-01,5,23,0.2072
2011-05-01,6,29,0.2613
2011-05-01,7,12,0.1081
2011-06-01,0,108,1.0
2011-06-01,1,25,0.2315
2011-06-01,2,23,0.213
2011-06-01,3,29,0.2685
2011-06-01,4,22,0.2037
2011-06-01,5,30,0.2778
2011-06-01,6,9,0.0833
2011-07-01,0,101,1.0
2011-07-01,1,21,0.2079
2011-07-01,2,30,0.297
2011-07-01,3,28,0.2772
2011-07-01,4,35,0.3465
2011-07-01,5,16,0.1584
2011-08-01,0,107,1.0
2011-08-01,1,28,0.2617
2011-08-01,2,32,0.2991
2011-08-01,3,28,0.2617
2011-08-01,4,18,0.1682
2011-09-01,0,188,1.0
2011-09-01,1,51,0.2713
2011-09-01,2,71,0.3777
2011-09-01,3,28,0.1489
2011-10-01,0,221,1.0
2011-10-01,1,70,0.3167
2011-10-01,2,35,0.1584
2011-11-01,0,191,1.0
2011-11-01,1,27,0.1414
2011-12-01,0,28,1.0
