cohort_month,0,1,2,3,4,5,6,7,8,9,10,11,12
2009-12-01,1.0,0.3502,0.3333,0.4248,0.3785,0.3596,0.3764,0.3438,0.3375,0.3617,0.4217,0.4963,0.3764
2010-01-01,1.0,0.2147,0.3207,0.3152,0.2717,0.3098,0.269,0.2337,0.2853,0.3261,0.3098,0.1793,0.2283
2010-02-01,1.0,0.2347,0.2267,0.2933,0.2453,0.1973,0.192,0.288,0.256,0.2773,0.1147,0.1253,0.152
2010-03-01,1.0,0.1905,0.2313,0.2426,0.2313,0.2041,0.2472,0.3061,0.2766,0.1088,0.1134,0.1451,0.1995
2010-04-01,1.0,0.1905,0.1905,0.1599,0.1837,0.2211,0.2755,0.2653,0.1054,0.1088,0.0748,0.1395,0.1429
2010-05-01,1.0,0.1569,0.1686,0.1765,0.1765,0.2549,0.2118,0.1255,0.0588,0.0824,0.1137,0.1333,0.1529
2010-06-01,1.0,0.176,0.1873,0.206,0.2322,0.2846,0.1273,0.0899,0.0824,0.1124,0.1049,0.1386,0.1498
2010-07-01,1.0,0.1568,0.1838,0.2973,0.2919,0.1405,0.1135,0.1459,0.1459,0.1135,0.1351,0.1459,0.1297
2010-08-01,1.0,0.1963,0.2883,0.3252,0.1656,0.1166,0.0982,0.1288,0.135,0.1288,0.1288,0.1166,0.1472
2010-09-01,1.0,0.2301,0.2343,0.1297,0.0879,0.1046,0.1381,0.0962,0.1297,0.1297,0.1213,0.1004,0.2259
2010-10-01,1.0,0.2587,0.1467,0.1253,0.088,0.0827,0.1307,0.1387,0.1067,0.0933,0.1067,0.128,0.192
2010-11-01,1.0,0.1748,0.0951,0.0951,0.0767,0.089,0.1288,0.1012,0.0859,0.092,0.1104,0.1472,0.2515
