a,b,support,confidence,lift,a_desc,b_desc
21086,21094,0.012617275962471692,0.819327731092437,47.07327168785729,SET/6 RED SPOTTY PAPER CUPS,SET/6 RED SPOTTY PAPER PLATES
22569,22570,0.010999676480103526,0.6967213114754098,39.29864185712576,FELTCRAFT CUSHION BUTTERFLY,FELTCRAFT CUSHION RABBIT
47590A,47590B,0.01319961177612423,0.7083333333333334,37.36277019340158,BLUE HAPPY BIRTHDAY BUNTING,PINK HAPPY BIRTHDAY BUNTING
22577,22578,0.014428987382724037,0.7311475409836066,34.984164847992695,WOODEN HEART CHRISTMAS SCANDINAVIAN,WOODEN STAR CHRISTMAS SCANDINAVIAN
84997C,84997D,0.01171142025234552,0.7510373443983402,34.9616932460131,BLUE 3 PIECE POLKADOT CUTLERY SET,PINK 3 PIECE POLKADOT CUTLERY SET
21668,21669,0.01035263668715626,0.6130268199233716,34.08032194933709,RED STRIPE CERAMIC DRAWER KNOB,BLUE STRIPE CERAMIC DRAWER KNOB
22749,22750,0.011840828210934972,0.6630434782608695,33.48802926967888,FELTCRAFT PRINCESS CHARLOTTE DOLL,FELTCRAFT PRINCESS LOLA DOLL
23293,23295,0.012034940148819152,0.6838235294117647,29.939072654557574,SET OF 12 FAIRY CAKE BAKING CASES,SET OF 12 MINI LOAF BAKING CASES
23293,23296,0.010611452604335167,0.6666666666666666,29.187913125590185,SET OF 12 FAIRY CAKE BAKING CASES,SET OF 6 TEA TIME BAKING CASES
22568,22570,0.010870268521514074,0.6131386861313869,27.308525631586697,FELTCRAFT CUSHION OWL,FELTCRAFT CUSHION RABBIT
22192,22193,0.010287932707861533,0.5740072202166066,25.34651882413615,BLUE DINER WALL CLOCK,RED DINER WALL CLOCK
22697,22698,0.024458104173406665,0.8344370860927153,22.46729122920368,GREEN REGENCY TEACUP AND SAUCER,PINK REGENCY TEACUP AND SAUCER
22865,22866,0.012229052086703333,0.5625,22.463662790697676,HAND WARMER OWL DESIGN,HAND WARMER SCOTTY DOG DESIGN
22191,22193,0.010482044645745713,0.5,22.07857142857143,IVORY DINER WALL CLOCK,RED DINER WALL CLOCK
23343,23344,0.011193788417987707,0.6223021582733813,22.05889875255759,JUMBO BAG VINTAGE CHRISTMAS,JUMBO BAG 50'S CHRISTMAS
21231,21232,0.01151730831446134,0.6116838487972509,20.506667859352522,SWEETHEART CERAMIC TRINKET BOX,STRAWBERRY CERAMIC TRINKET BOX
23300,23301,0.02070527337431252,0.7158836689038032,20.26370348518,GARDENERS KNEELING PAD CUP OF TEA,GARDENERS KNEELING PAD KEEP CALM
22865,22867,0.010482044645745713,0.5,19.967700258397933,HAND WARMER OWL DESIGN,HAND WARMER BIRD DESIGN
22629,22630,0.019670009705596896,0.6696035242290749,19.599853157121878,SPACEBOY LUNCH BOX,DOLLY GIRL LUNCH BOX
23321,23322,0.01319961177612423,0.5244215938303342,19.343522034958983,SMALL WHITE HEART OF WICKER,LARGE WHITE HEART OF WICKER
22326,22328,0.012876091879650598,0.5637393767705382,19.02312678600146,ROUND SNACK BOXES SET OF4 WOODLAND,ROUND SNACK BOXES SET OF 4 FRUITS
22698,22699,0.02303461662892268,0.7858719646799117,18.685617252504667,PINK REGENCY TEACUP AND SAUCER,ROSES REGENCY TEACUP AND SAUCER
21914,21915,0.013781947589776772,0.5649867374005305,18.578446864947235,BLUE HARMONICA IN BOX,RED  HARMONICA IN BOX
20971,20972,0.010805564542219346,0.49262536873156343,18.524391906925334,PINK BLUE FELT CRAFT TRINKET BOX,PINK CREAM FELT CRAFT TRINKET BOX
21080,21094,0.012034940148819152,0.6914498141263941,18.424753236764516,SET/20 RED RETROSPOT PAPER NAPKINS,SET/6 RED SPOTTY PAPER PLATES
22697,22699,0.028728566806858622,0.7735191637630662,18.391905655320286,GREEN REGENCY TEACUP AND SAUCER,ROSES REGENCY TEACUP AND SAUCER
22624,22625,0.013523131672597865,0.5870786516853933,18.146601123595506,IVORY KITCHEN SCALES,RED KITCHEN SCALES
82483,82486,0.014493691362018763,0.5558312655086849,17.933971207592325,WOOD 2 DRAWER CABINET WHITE FINISH,WOOD S/3 CABINET ANT WHITE FINISH
21080,21086,0.010223228728566807,0.6638655462184874,17.689727615184005,SET/20 RED RETROSPOT PAPER NAPKINS,SET/6 RED SPOTTY PAPER CUPS
84378,84380,0.010029116790682626,0.42699724517906334,17.366427432216906,SET OF 3 HEART COOKIE CUTTERS,SET OF 3 BUTTERFLY COOKIE CUTTERS
22551,22554,0.011582012293756066,0.4543147208121827,17.12544880524947,PLASTERS IN TIN SPACEBOY,PLASTERS IN TIN WOODLAND ANIMALS
23199,23200,0.015464251051439663,0.6373333333333333,16.78021578648495,JUMBO BAG APPLES,JUMBO BAG PEARS
22554,22556,0.01074086056292462,0.4450402144772118,16.775845157915384,PLASTERS IN TIN WOODLAND ANIMALS,PLASTERS IN TIN CIRCUS PARADE
20724,22356,0.015593659010029117,0.6325459317585301,16.71110662449245,RED RETROSPOT CHARLOTTE BAG,CHARLOTTE BAG PINK POLKADOT
22138,22617,0.015787770947913296,0.7283582089552239,16.676705362078494,BAKING SET 9 PIECE RETROSPOT,BAKING SET SPACEBOY DESIGN
22551,22556,0.010223228728566807,0.42359249329758714,16.615791837345707,PLASTERS IN TIN SPACEBOY,PLASTERS IN TIN CIRCUS PARADE
22725,22726,0.01074086056292462,0.6587301587301587,16.211265291679304,ALARM CLOCK BAKELIKE CHOCOLATE,ALARM CLOCK BAKELIKE GREEN
21928,21929,0.014299579424134585,0.49887133182844245,16.163640321611275,JUMBO BAG SCANDINAVIAN PAISLEY,JUMBO BAG PINK VINTAGE PAISLEY
22112,22835,0.013911355548366224,0.5672823218997362,16.146129438232823,CHOCOLATE HOT WATER BOTTLE,HOT WATER BOTTLE I AM SO POORLY
22728,22730,0.011840828210934972,0.4893048128342246,15.82051439822791,ALARM CLOCK BAKELIKE PINK,ALARM CLOCK BAKELIKE IVORY
22725,22727,0.011776124231640246,0.7222222222222222,15.743222065506973,ALARM CLOCK BAKELIKE CHOCOLATE,ALARM CLOCK BAKELIKE RED
20723,20724,0.014364283403429311,0.5888594164456233,15.556961164388222,STRAWBERRY CHARLOTTE BAG,RED RETROSPOT CHARLOTTE BAG
22355,22356,0.010999676480103526,0.4461942257217848,15.02381646738602,CHARLOTTE BAG SUKI DESIGN,CHARLOTTE BAG PINK POLKADOT
22727,22729,0.013134907796829505,0.6766666666666666,14.750188058298072,ALARM CLOCK BAKELIKE RED,ALARM CLOCK BAKELIKE ORANGE
20723,22355,0.010676156583629894,0.4376657824933687,14.736655051056674,STRAWBERRY CHARLOTTE BAG,CHARLOTTE BAG SUKI DESIGN
22727,22730,0.01630540278227111,0.6737967914438503,14.687629635775323,ALARM CLOCK BAKELIKE RED,ALARM CLOCK BAKELIKE IVORY
22726,22729,0.011582012293756066,0.5966666666666667,14.683890658174096,ALARM CLOCK BAKELIKE GREEN,ALARM CLOCK BAKELIKE ORANGE
20719,22355,0.011776124231640246,0.4312796208530806,14.521626449421266,WOODLAND CHARLOTTE BAG,CHARLOTTE BAG SUKI DESIGN
22726,22727,0.02704626334519573,0.6656050955414012,14.509064529749445,ALARM CLOCK BAKELIKE GREEN,ALARM CLOCK BAKELIKE RED
21166,85152,0.012681979941766418,0.4365256124721604,14.477474980165747,COOK WITH WINE METAL SIGN,HAND OVER THE CHOCOLATE   SIGN
22726,22730,0.014234875444839857,0.5882352941176471,14.476395653802923,ALARM CLOCK BAKELIKE GREEN,ALARM CLOCK BAKELIKE IVORY
22112,22114,0.012552571983176965,0.5038961038961038,14.34201525914233,CHOCOLATE HOT WATER BOTTLE,HOT WATER BOTTLE TEA AND SYMPATHY
22727,22728,0.0199288256227758,0.6443514644351465,14.045771343928333,ALARM CLOCK BAKELIKE RED,ALARM CLOCK BAKELIKE PINK
21166,21175,0.014817211258492398,0.49141630901287553,13.783736943364776,COOK WITH WINE METAL SIGN,GIN + TONIC DIET METAL SIGN
21790,21791,0.011387900355871887,0.4971751412429379,13.745691964060114,VINTAGE SNAP CARDS,VINTAGE HEADS AND TAILS CARD GAME
20719,20724,0.014040763506955678,0.514218009478673,13.585024506825455,WOODLAND CHARLOTTE BAG,RED RETROSPOT CHARLOTTE BAG
22086,22910,0.020446457457133613,0.6294820717131474,13.455941104186296,PAPER CHAIN KIT 50'S CHRISTMAS,PAPER CHAIN KIT VINTAGE CHRISTMAS
22726,22728,0.01688773859592365,0.5460251046025104,13.437608266929617,ALARM CLOCK BAKELIKE GREEN,ALARM CLOCK BAKELIKE PINK
21754,21755,0.014234875444839857,0.4943820224719101,13.357821953327571,HOME BUILDING BLOCK WORD,LOVE BUILDING BLOCK WORD
20724,22355,0.01475250727919767,0.49673202614379086,13.12306575051673,RED RETROSPOT CHARLOTTE BAG,CHARLOTTE BAG SUKI DESIGN
22114,23355,0.010417340666450987,0.41818181818181815,12.500967117988393,HOT WATER BOTTLE TEA AND SYMPATHY,HOT WATER BOTTLE KEEP CALM
21175,85152,0.012940795858945324,0.44543429844098,12.493987445381752,GIN + TONIC DIET METAL SIGN,HAND OVER THE CHOCOLATE   SIGN
21977,84991,0.012293756065998059,0.4,12.463709677419356,PACK OF 60 PINK PAISLEY CAKE CASES,60 TEATIME FAIRY CAKE CASES
21166,21181,0.013264315755418959,0.43991416309012876,12.406703267441495,COOK WITH WINE METAL SIGN,PLEASE ONE PERSON METAL SIGN
23200,23202,0.011970236169524426,0.49333333333333335,12.277724100912508,JUMBO BAG PEARS,JUMBO BAG VINTAGE LEAF
21485,22111,0.010482044645745713,0.39416058394160586,12.257045925186155,RETROSPOT HEART HOT WATER BOTTLE,SCOTTIE DOG HOT WATER BOTTLE
82482,82494L,0.02322872856680686,0.5431164901664145,12.025595065217672,WOODEN PICTURE FRAME WHITE FINISH,WOODEN FRAME ANTIQUE WHITE
23207,23208,0.011323196376577159,0.3812636165577342,11.784858387799565,LUNCH BAG ALPHABET DESIGN,LUNCH BAG VINTAGE LEAF DESIGN
20724,23204,0.010093820769977354,0.44571428571428573,11.775238095238096,RED RETROSPOT CHARLOTTE BAG,CHARLOTTE BAG APPLES DESIGN
23206,23208,0.01572306696861857,0.5294117647058824,11.589318446925514,LUNCH BAG APPLE DESIGN,LUNCH BAG VINTAGE LEAF DESIGN
22382,22662,0.016240698802976385,0.5691609977324263,11.394278782324674,LUNCH BAG SPACEBOY DESIGN,LUNCH BAG DOLLY GIRL DESIGN
21181,85152,0.011582012293756066,0.3986636971046771,11.243334742249605,PLEASE ONE PERSON METAL SIGN,HAND OVER THE CHOCOLATE   SIGN
22111,22112,0.011970236169524426,0.3722334004024145,10.594598900956385,SCOTTIE DOG HOT WATER BOTTLE,CHOCOLATE HOT WATER BOTTLE
21175,21181,0.013329019734713685,0.3759124087591241,10.543967835521348,GIN + TONIC DIET METAL SIGN,PLEASE ONE PERSON METAL SIGN
23208,23209,0.015852474927208024,0.5337690631808278,10.41591019123699,LUNCH BAG VINTAGE LEAF DESIGN,LUNCH BAG DOILEY PATTERN
21929,22411,0.012811387900355872,0.41509433962264153,10.16685106001256,JUMBO BAG PINK VINTAGE PAISLEY,JUMBO SHOPPER VINTAGE RED PAISLEY
23206,23207,0.015011323196376576,0.464,10.157393767705381,LUNCH BAG APPLE DESIGN,LUNCH BAG ALPHABET DESIGN
21928,22411,0.011776124231640246,0.4108352144469526,10.062532867317993,JUMBO BAG SCANDINAVIAN PAISLEY,JUMBO SHOPPER VINTAGE RED PAISLEY
22469,22470,0.021352313167259787,0.5069124423963134,9.8669166212028,HEART OF WICKER SMALL,HEART OF WICKER LARGE
23199,23201,0.01514073115496603,0.3986371379897785,9.857499148211243,JUMBO BAG APPLES,JUMBO BAG ALPHABET
21136,84879,0.013781947589776772,0.7370242214532872,9.555964213557512,PAINTED METAL PEARS ASSORTED,ASSORTED COLOUR BIRD ORNAMENT
23200,23203,0.013393723714008411,0.552,9.553370660694288,JUMBO BAG PEARS,JUMBO BAG DOILEY PATTERNS
23202,23203,0.022128760918796505,0.5507246376811594,9.531298180696886,JUMBO BAG VINTAGE LEAF,JUMBO BAG DOILEY PATTERNS
21930,22386,0.010482044645745713,0.4563380281690141,9.530681385610963,JUMBO STORAGE BAG SKULLS,JUMBO BAG PINK POLKADOT
21929,85099F,0.010029116790682626,0.3249475890985325,9.352076330573222,JUMBO BAG PINK VINTAGE PAISLEY,JUMBO BAG STRAWBERRY
22720,23243,0.010482044645745713,0.5454545454545454,9.314917127071823,SET OF 3 CAKE TINS PANTRY DESIGN,SET OF TEA COFFEE SUGAR TINS PANTRY
20726,22382,0.018958265933354902,0.4650793650793651,9.310623817748171,LUNCH BAG WOODLAND,LUNCH BAG SPACEBOY DESIGN
20726,22662,0.010805564542219346,0.3786848072562358,9.289799517690675,LUNCH BAG WOODLAND,LUNCH BAG DOLLY GIRL DESIGN
23199,23202,0.01417017146554513,0.3730834752981261,9.285032384432428,JUMBO BAG APPLES,JUMBO BAG VINTAGE LEAF
22386,85099F,0.015399547072144937,0.44320297951582865,9.25635411948261,JUMBO BAG PINK POLKADOT,JUMBO BAG STRAWBERRY
20728,22384,0.02167583306373342,0.4508748317631225,9.217289054099282,LUNCH BAG CARS BLUE,LUNCH BAG PINK POLKADOT
21212,21977,0.014881915237787124,0.4637096774193548,9.176226715129486,PACK OF 72 RETROSPOT CAKE CASES,PACK OF 60 PINK PAISLEY CAKE CASES
22112,23355,0.01074086056292462,0.32108317214700194,9.138748481642567,CHOCOLATE HOT WATER BOTTLE,HOT WATER BOTTLE KEEP CALM
21212,21975,0.010417340666450987,0.46131805157593125,9.128899471326527,PACK OF 72 RETROSPOT CAKE CASES,PACK OF 60 DINOSAUR CAKE CASES
22385,22386,0.010417340666450987,0.4316353887399464,9.014763422940366,JUMBO BAG SPACEBOY DESIGN,JUMBO BAG PINK POLKADOT
22383,22662,0.013458427693303137,0.47165532879818595,8.999300131575263,LUNCH BAG SUKI  DESIGN,LUNCH BAG DOLLY GIRL DESIGN
20727,22384,0.022646392753154318,0.47106325706594887,8.965865317677634,LUNCH BAG  BLACK SKULL.,LUNCH BAG PINK POLKADOT
21212,84991,0.013911355548366224,0.45263157894736844,8.95700518902891,PACK OF 72 RETROSPOT CAKE CASES,60 TEATIME FAIRY CAKE CASES
23201,23207,0.01171142025234552,0.362,8.951536,JUMBO BAG ALPHABET,LUNCH BAG ALPHABET DESIGN
21928,22386,0.012164348107408606,0.42437923250564336,8.863217619425296,JUMBO BAG SCANDINAVIAN PAISLEY,JUMBO BAG PINK POLKADOT
21929,22386,0.013070203817534778,0.42348008385744235,8.844438778401043,JUMBO BAG PINK VINTAGE PAISLEY,JUMBO BAG PINK POLKADOT
21931,85099C,0.012034940148819152,0.3549618320610687,8.8340340008113,JUMBO STORAGE BAG SUKI,JUMBO  BAG BAROQUE BLACK WHITE
23199,23206,0.01514073115496603,0.3986371379897785,8.72653961420967,JUMBO BAG APPLES,LUNCH BAG APPLE DESIGN
20726,20728,0.017146554513102555,0.42063492063492064,8.599090870916267,LUNCH BAG WOODLAND,LUNCH BAG CARS BLUE
20728,22383,0.021999352960207053,0.4497354497354497,8.581063426742439,LUNCH BAG CARS BLUE,LUNCH BAG SUKI  DESIGN
23202,23208,0.010223228728566807,0.3442265795206972,8.566862780180957,JUMBO BAG VINTAGE LEAF,LUNCH BAG VINTAGE LEAF DESIGN
85099C,85099F,0.010029116790682626,0.2958015267175573,8.513245056647762,JUMBO  BAG BAROQUE BLACK WHITE,JUMBO BAG STRAWBERRY
22411,85099C,0.01171142025234552,0.34541984732824427,8.460322885036476,JUMBO SHOPPER VINTAGE RED PAISLEY,JUMBO  BAG BAROQUE BLACK WHITE
20712,22386,0.01015852474927208,0.3994910941475827,8.343425486555256,JUMBO BAG WOODLAND ANIMALS,JUMBO BAG PINK POLKADOT
23201,23202,0.013458427693303137,0.33494363929146537,8.282486312399357,JUMBO BAG ALPHABET,JUMBO BAG VINTAGE LEAF
20725,22384,0.026140407635069557,0.5437415881561238,8.15876334461446,LUNCH BAG RED RETROSPOT,LUNCH BAG PINK POLKADOT
22382,22383,0.021028793270786154,0.4209844559585492,8.032487366468366,LUNCH BAG SPACEBOY DESIGN,LUNCH BAG SUKI  DESIGN
22386,85099C,0.013005499838240052,0.383587786259542,8.011282752217868,JUMBO BAG PINK POLKADOT,JUMBO  BAG BAROQUE BLACK WHITE
20728,22662,0.01112908443869298,0.3900226757369615,7.973281023167645,LUNCH BAG CARS BLUE,LUNCH BAG DOLLY GIRL DESIGN
20727,22383,0.0218699450016176,0.41728395061728396,7.942270266982911,LUNCH BAG  BLACK SKULL.,LUNCH BAG SUKI  DESIGN
23206,23209,0.018505338078291814,0.40509915014164305,7.90505980484734,LUNCH BAG APPLE DESIGN,LUNCH BAG DOILEY PATTERN
20726,22383,0.01669362665803947,0.4095238095238095,7.813815402704292,LUNCH BAG WOODLAND,LUNCH BAG SUKI  DESIGN
20727,22662,0.01171142025234552,0.41043083900226757,7.8118332718966075,LUNCH BAG  BLACK SKULL.,LUNCH BAG DOLLY GIRL DESIGN
20726,23206,0.014493691362018763,0.35555555555555557,7.783443500157381,LUNCH BAG WOODLAND,LUNCH BAG APPLE DESIGN
20727,20728,0.0199288256227758,0.4074074074074074,7.7542875387702965,LUNCH BAG  BLACK SKULL.,LUNCH BAG CARS BLUE
22384,22662,0.01054674862504044,0.36961451247165533,7.688280336809465,LUNCH BAG PINK POLKADOT,LUNCH BAG DOLLY GIRL DESIGN
22720,22722,0.01494661921708185,0.44680851063829785,7.630304455154578,SET OF 3 CAKE TINS PANTRY DESIGN,SET OF 6 SPICE TINS PANTRY DESIGN
23203,23209,0.022581688773859594,0.44065656565656564,7.626368669901704,JUMBO BAG DOILEY PATTERNS,LUNCH BAG DOILEY PATTERN
21931,85099F,0.010611452604335167,0.3054003724394786,7.600584148232112,JUMBO STORAGE BAG SUKI,JUMBO BAG STRAWBERRY
20726,22384,0.014881915237787124,0.36507936507936506,7.593945608750454,LUNCH BAG WOODLAND,LUNCH BAG PINK POLKADOT
20726,20727,0.016175994823681657,0.3968253968253968,7.552877472828213,LUNCH BAG WOODLAND,LUNCH BAG  BLACK SKULL.
22383,22384,0.019022969912649627,0.39569313593539707,7.549922735656248,LUNCH BAG SUKI  DESIGN,LUNCH BAG PINK POLKADOT
23207,23209,0.01248786800388224,0.386,7.532361111111111,LUNCH BAG ALPHABET DESIGN,LUNCH BAG DOILEY PATTERN
22383,23206,0.017987706243934,0.3937677053824363,7.513185045290805,LUNCH BAG SUKI  DESIGN,LUNCH BAG APPLE DESIGN
21931,22411,0.012293756065998059,0.3059581320450886,7.493792283291354,JUMBO STORAGE BAG SUKI,JUMBO SHOPPER VINTAGE RED PAISLEY
20725,22662,0.014234875444839857,0.4988662131519274,7.48541487792528,LUNCH BAG RED RETROSPOT,LUNCH BAG DOLLY GIRL DESIGN
20725,20726,0.02031704949854416,0.4984126984126984,7.478609955308985,LUNCH BAG RED RETROSPOT,LUNCH BAG WOODLAND
20728,22382,0.01824652216111291,0.373015873015873,7.467565178057407,LUNCH BAG CARS BLUE,LUNCH BAG SPACEBOY DESIGN
82482,82486,0.010417340666450987,0.33611691022964507,7.442244767334047,WOODEN PICTURE FRAME WHITE FINISH,WOOD S/3 CABINET ANT WHITE FINISH
22382,22384,0.017858298285344548,0.3714670255720054,7.436558134993967,LUNCH BAG SPACEBOY DESIGN,LUNCH BAG PINK POLKADOT
21931,22386,0.014299579424134585,0.355877616747182,7.432552117334726,JUMBO STORAGE BAG SUKI,JUMBO BAG PINK POLKADOT
23199,23203,0.016240698802976385,0.42759795570698467,7.400365515623122,JUMBO BAG APPLES,JUMBO BAG DOILEY PATTERNS
22383,23208,0.011452604335166613,0.38562091503267976,7.357742273864278,LUNCH BAG SUKI  DESIGN,LUNCH BAG VINTAGE LEAF DESIGN
20727,22382,0.019087673891944355,0.38212435233160624,7.273068799612037,LUNCH BAG  BLACK SKULL.,LUNCH BAG SPACEBOY DESIGN
85099B,85099F,0.021740537043028148,0.6256983240223464,7.25443930815106,JUMBO BAG RED RETROSPOT,JUMBO BAG STRAWBERRY
22960,22961,0.015076027175671304,0.3333333333333333,7.2354868913857695,JAM MAKING SET WITH JARS,JAM MAKING SET PRINTED
20725,22383,0.025234551924943383,0.48148148148148145,7.2245595109672776,LUNCH BAG RED RETROSPOT,LUNCH BAG SUKI  DESIGN
22386,85099B,0.02950501455839534,0.6162162162162163,7.144502341801665,JUMBO BAG PINK POLKADOT,JUMBO BAG RED RETROSPOT
20725,20727,0.02491103202846975,0.47413793103448276,7.114370605959157,LUNCH BAG RED RETROSPOT,LUNCH BAG  BLACK SKULL.
20727,23208,0.010805564542219346,0.3638344226579521,6.924951973126416,LUNCH BAG  BLACK SKULL.,LUNCH BAG VINTAGE LEAF DESIGN
22804,85123A,0.014234875444839857,0.7308970099667774,6.9215767702429805,CANDLEHOLDER PINK HANGING HEART,WHITE HANGING HEART T-LIGHT HOLDER
21928,85099B,0.017017146554513102,0.5936794582392777,6.8832078222715944,JUMBO BAG SCANDINAVIAN PAISLEY,JUMBO BAG RED RETROSPOT
20725,20728,0.022387576835975413,0.4576719576719577,6.8673010736117535,LUNCH BAG RED RETROSPOT,LUNCH BAG CARS BLUE
20728,23207,0.010805564542219346,0.334,6.828002645502645,LUNCH BAG CARS BLUE,LUNCH BAG ALPHABET DESIGN
20725,22382,0.022646392753154318,0.4533678756476684,6.802718949645354,LUNCH BAG RED RETROSPOT,LUNCH BAG SPACEBOY DESIGN
22384,23207,0.01054674862504044,0.326,6.781063257065949,LUNCH BAG PINK POLKADOT,LUNCH BAG ALPHABET DESIGN
23201,23203,0.015787770947913296,0.3904,6.756586786114222,JUMBO BAG ALPHABET,JUMBO BAG DOILEY PATTERNS
22382,23207,0.010870268521514074,0.336,6.726528497409326,LUNCH BAG SPACEBOY DESIGN,LUNCH BAG ALPHABET DESIGN
22382,23206,0.015205435134260757,0.3328611898016997,6.663691306198535,LUNCH BAG SPACEBOY DESIGN,LUNCH BAG APPLE DESIGN
22383,23207,0.011258492397282433,0.348,6.639925925925925,LUNCH BAG SUKI  DESIGN,LUNCH BAG ALPHABET DESIGN
22384,23206,0.014364283403429311,0.31444759206798867,6.54076384308313,LUNCH BAG PINK POLKADOT,LUNCH BAG APPLE DESIGN
85099B,85099C,0.019022969912649627,0.5610687022900763,6.50511387388832,JUMBO BAG RED RETROSPOT,JUMBO  BAG BAROQUE BLACK WHITE
20727,23206,0.015593659010029117,0.3413597733711048,6.49718632690939,LUNCH BAG  BLACK SKULL.,LUNCH BAG APPLE DESIGN
22385,85099B,0.013523131672597865,0.5603217158176944,6.496453201772292,JUMBO BAG SPACEBOY DESIGN,JUMBO BAG RED RETROSPOT
22386,23199,0.01171142025234552,0.3083475298126065,6.439879828721396,JUMBO BAG PINK POLKADOT,JUMBO BAG APPLES
20727,23207,0.010870268521514074,0.336,6.395172413793103,LUNCH BAG  BLACK SKULL.,LUNCH BAG ALPHABET DESIGN
20725,23206,0.019411193788417987,0.42492917847025496,6.3760004400561066,LUNCH BAG RED RETROSPOT,LUNCH BAG APPLE DESIGN
21929,85099B,0.016952442575218375,0.549266247379455,6.368274458551745,JUMBO BAG PINK VINTAGE PAISLEY,JUMBO BAG RED RETROSPOT
21931,85099B,0.02206405693950178,0.5491143317230274,6.366513125866008,JUMBO STORAGE BAG SUKI,JUMBO BAG RED RETROSPOT
20728,23206,0.014105467486250405,0.3087818696883853,6.312465338669305,LUNCH BAG CARS BLUE,LUNCH BAG APPLE DESIGN
22386,22411,0.011970236169524426,0.2931854199683043,6.123217115689382,JUMBO BAG PINK POLKADOT,JUMBO SHOPPER VINTAGE RED PAISLEY
20725,23208,0.012099644128113879,0.4074074074074074,6.113088816972312,LUNCH BAG RED RETROSPOT,LUNCH BAG VINTAGE LEAF DESIGN
20712,85099B,0.013393723714008411,0.5267175572519084,6.106841595895156,JUMBO BAG WOODLAND ANIMALS,JUMBO BAG RED RETROSPOT
21733,85123A,0.020575865415723066,0.6372745490981964,6.034974360485678,RED HANGING HEART T-LIGHT HOLDER,WHITE HANGING HEART T-LIGHT HOLDER
21931,22383,0.012681979941766418,0.31561996779388085,6.022106916363491,JUMBO STORAGE BAG SUKI,LUNCH BAG SUKI  DESIGN
22384,23209,0.01475250727919767,0.30686406460296095,5.988111260655002,LUNCH BAG PINK POLKADOT,LUNCH BAG DOILEY PATTERN
20727,23209,0.01611129084438693,0.3143939393939394,5.983938834154351,LUNCH BAG  BLACK SKULL.,LUNCH BAG DOILEY PATTERN
21930,85099B,0.01171142025234552,0.5098591549295775,5.911382775271283,JUMBO STORAGE BAG SKULLS,JUMBO BAG RED RETROSPOT
22383,23209,0.015852474927208024,0.30934343434343436,5.902349108367627,LUNCH BAG SUKI  DESIGN,LUNCH BAG DOILEY PATTERN
23203,23208,0.010093820769977354,0.33986928104575165,5.882060177561133,JUMBO BAG DOILEY PATTERNS,LUNCH BAG VINTAGE LEAF DESIGN
20725,23209,0.01999352960207053,0.39015151515151514,5.854166666666667,LUNCH BAG RED RETROSPOT,LUNCH BAG DOILEY PATTERN
23202,23209,0.012034940148819152,0.2995169082125604,5.844739667203435,JUMBO BAG VINTAGE LEAF,LUNCH BAG DOILEY PATTERN
22423,22698,0.015852474927208024,0.5408388520971302,5.837056186565047,REGENCY CAKESTAND 3 TIER,PINK REGENCY TEACUP AND SAUCER
22411,85099B,0.020381753477838885,0.49920760697305866,5.787887146112993,JUMBO SHOPPER VINTAGE RED PAISLEY,JUMBO BAG RED RETROSPOT
22138,22139,0.010482044645745713,0.25116279069767444,5.750697674418604,BAKING SET 9 PIECE RETROSPOT,RETROSPOT TEA SET CERAMIC 11 PC
22382,23209,0.014558395341313491,0.2914507772020725,5.687338082901554,LUNCH BAG SPACEBOY DESIGN,LUNCH BAG DOILEY PATTERN
23199,85099B,0.01857004205758654,0.4889267461669506,5.668689318837375,JUMBO BAG APPLES,JUMBO BAG RED RETROSPOT
22423,22697,0.01934648980912326,0.5209059233449478,5.621928104257099,REGENCY CAKESTAND 3 TIER,GREEN REGENCY TEACUP AND SAUCER
22423,22699,0.021740537043028148,0.5169230769230769,5.578942844864633,REGENCY CAKESTAND 3 TIER,ROSES REGENCY TEACUP AND SAUCER
20725,23207,0.0119055321902297,0.368,5.5217864077669905,LUNCH BAG RED RETROSPOT,LUNCH BAG ALPHABET DESIGN
20726,23209,0.011387900355871887,0.27936507936507937,5.451499118165787,LUNCH BAG WOODLAND,LUNCH BAG DOILEY PATTERN
22386,23201,0.010287932707861533,0.2544,5.313178378378378,JUMBO BAG PINK POLKADOT,JUMBO BAG ALPHABET
22384,22386,0.012229052086703333,0.2554054054054054,5.312638681750391,LUNCH BAG PINK POLKADOT,JUMBO BAG PINK POLKADOT
20728,23209,0.01319961177612423,0.2698412698412698,5.265652557319224,LUNCH BAG CARS BLUE,LUNCH BAG DOILEY PATTERN
23199,23209,0.010223228728566807,0.26916524701873934,5.252460723074011,JUMBO BAG APPLES,LUNCH BAG DOILEY PATTERN
22386,23202,0.010093820769977354,0.25120772946859904,5.24650737694216,JUMBO BAG PINK POLKADOT,JUMBO BAG VINTAGE LEAF
22411,23203,0.012229052086703333,0.29952456418383516,5.18382098483894,JUMBO SHOPPER VINTAGE RED PAISLEY,JUMBO BAG DOILEY PATTERNS
23202,85099B,0.017664186347460368,0.4396135265700483,5.096944525986569,JUMBO BAG VINTAGE LEAF,JUMBO BAG RED RETROSPOT
22666,22720,0.0119055321902297,0.2953451043338684,5.043711146386669,RECIPE BOX PANTRY YELLOW DESIGN,SET OF 3 CAKE TINS PANTRY DESIGN
23298,47566,0.020381753477838885,0.3813559322033898,4.9403654083850705,SPOTTY BUNTING,PARTY BUNTING
23203,85099B,0.024393400194111937,0.4221724524076148,4.89473012150014,JUMBO BAG DOILEY PATTERNS,JUMBO BAG RED RETROSPOT
22386,23203,0.013523131672597865,0.28243243243243243,4.888010350776308,JUMBO BAG PINK POLKADOT,JUMBO BAG DOILEY PATTERNS
23200,85099B,0.010223228728566807,0.42133333333333334,4.885001250312578,JUMBO BAG PEARS,JUMBO BAG RED RETROSPOT
21931,23203,0.0109349725008088,0.2721417069243156,4.709910504496415,JUMBO STORAGE BAG SUKI,JUMBO BAG DOILEY PATTERNS
23203,23206,0.01151730831446134,0.2521246458923513,4.363478613960011,JUMBO BAG DOILEY PATTERNS,LUNCH BAG APPLE DESIGN
20724,20725,0.010999676480103526,0.2905982905982906,4.360385030287943,RED RETROSPOT CHARLOTTE BAG,LUNCH BAG RED RETROSPOT
23201,85099B,0.015205435134260757,0.376,4.35939984996249,JUMBO BAG ALPHABET,JUMBO BAG RED RETROSPOT
22720,22960,0.01151730831446134,0.25,4.269337016574585,SET OF 3 CAKE TINS PANTRY DESIGN,JAM MAKING SET WITH JARS
20725,21931,0.011193788417987707,0.2785829307568438,4.18009630567672,LUNCH BAG RED RETROSPOT,JUMBO STORAGE BAG SUKI
20724,85099B,0.013134907796829505,0.347008547008547,4.023268637672238,RED RETROSPOT CHARLOTTE BAG,JUMBO BAG RED RETROSPOT
20725,85099B,0.021611129084438692,0.32427184466019415,3.7596559334008255,LUNCH BAG RED RETROSPOT,JUMBO BAG RED RETROSPOT
20725,22386,0.011840828210934972,0.2472972972972973,3.7106599317764366,LUNCH BAG RED RETROSPOT,JUMBO BAG PINK POLKADOT
22423,23245,0.012229052086703333,0.3298429319371728,3.5598620901459537,REGENCY CAKESTAND 3 TIER,SET OF 3 REGENCY CAKE TINS
22470,85123A,0.014493691362018763,0.34408602150537637,3.2584861901749944,HEART OF WICKER LARGE,WHITE HANGING HEART T-LIGHT HOLDER
20725,23203,0.012358460045292785,0.21388577827547592,3.209324954609204,LUNCH BAG RED RETROSPOT,JUMBO BAG DOILEY PATTERNS
82482,85123A,0.015205435134260757,0.336676217765043,3.1883155303668747,WOODEN PICTURE FRAME WHITE FINISH,WHITE HANGING HEART T-LIGHT HOLDER
22384,85099B,0.01319961177612423,0.27456258411843876,3.1833193830086053,LUNCH BAG PINK POLKADOT,JUMBO BAG RED RETROSPOT
23206,85099B,0.011452604335166613,0.2507082152974504,2.906748287638482,LUNCH BAG APPLE DESIGN,JUMBO BAG RED RETROSPOT
22383,85099B,0.013005499838240052,0.24814814814814815,2.877066488844433,LUNCH BAG SUKI  DESIGN,JUMBO BAG RED RETROSPOT
20727,85099B,0.012940795858945324,0.24630541871921183,2.8557016101315966,LUNCH BAG  BLACK SKULL.,JUMBO BAG RED RETROSPOT
82494L,85123A,0.012681979941766418,0.29652042360060515,2.8080411438402892,WOODEN FRAME ANTIQUE WHITE,WHITE HANGING HEART T-LIGHT HOLDER
20728,85099B,0.011840828210934972,0.24206349206349206,2.806520082401552,LUNCH BAG CARS BLUE,JUMBO BAG RED RETROSPOT
23209,85099B,0.012099644128113879,0.2361111111111111,2.7375072934900393,LUNCH BAG DOILEY PATTERN,JUMBO BAG RED RETROSPOT
21754,85123A,0.010611452604335167,0.2867132867132867,2.715167797888387,HOME BUILDING BLOCK WORD,WHITE HANGING HEART T-LIGHT HOLDER
22382,85099B,0.010676156583629894,0.21373056994818654,2.478023974905643,LUNCH BAG SPACEBOY DESIGN,JUMBO BAG RED RETROSPOT
22469,85123A,0.01319961177612423,0.25692695214105793,2.4330919395465997,HEART OF WICKER SMALL,WHITE HANGING HEART T-LIGHT HOLDER
22457,85123A,0.012617275962471692,0.24074074074074073,2.279808914306463,NATURAL SLATE HEART CHALKBOARD,WHITE HANGING HEART T-LIGHT HOLDER
47566,84879,0.0109349725008088,0.1417785234899329,1.8367033365774623,PARTY BUNTING,ASSORTED COLOUR BIRD ORNAMENT
47566,85123A,0.014428987382724037,0.18692372170997484,1.7701630631296945,PARTY BUNTING,WHITE HANGING HEART T-LIGHT HOLDER
84879,85123A,0.014234875444839857,0.18456375838926176,1.7478142683247797,ASSORTED COLOUR BIRD ORNAMENT,WHITE HANGING HEART T-LIGHT HOLDER
22423,47566,0.011970236169524426,0.1550712489522213,1.673621614913813,REGENCY CAKESTAND 3 TIER,PARTY BUNTING
22423,84879,0.0119055321902297,0.15436241610738255,1.6659714671365904,REGENCY CAKESTAND 3 TIER,ASSORTED COLOUR BIRD ORNAMENT
85099B,85123A,0.011452604335166613,0.13278319579894973,1.257453609725961,JUMBO BAG RED RETROSPOT,WHITE HANGING HEART T-LIGHT HOLDER
22423,85123A,0.010999676480103526,0.11871508379888268,1.1242289338919926,REGENCY CAKESTAND 3 TIER,WHITE HANGING HEART T-LIGHT HOLDER
