month,revenue,orders,customers
2009-12-01,797901.0,1666,951
2010-01-01,612297.0,1049,701
2010-02-01,537910.0,1189,771
2010-03-01,761706.0,1647,1051
2010-04-01,646341.0,1435,939
2010-05-01,643492.0,1484,965
2010-06-01,696583.0,1612,1034
2010-07-01,632994.0,1507,924
2010-08-01,674038.0,1402,910
2010-09-01,869243.0,1789,1136
2010-10-01,1094436.0,2244,1492
2010-11-01,1429701.0,2719,1606
2010-12-01,775638.0,1550,884
2011-01-01,593197.0,1080,738
2011-02-01,507800.0,1093,757
2011-03-01,689834.0,1440,973
2011-04-01,515378.0,1235,853
2011-05-01,739953.0,1668,1054
2011-06-01,737559.0,1525,990
2011-07-01,688219.0,1452,946
2011-08-01,724217.0,1339,933
2011-09-01,1028320.0,1818,1259
2011-10-01,1103314.0,2005,1361
2011-11-01,1452116.0,2751,1660
2011-12-01,446021.0,815,613
