CustomerID,cohort_month,first_order_ts,last_order_ts,orders,lifetime_revenue,recency,frequency,monetary,R,F,M,FM,segment,t12_revenue,usual_gap,annual_value
15749,2011-01-01,2011-01-11 12:55:00,2011-04-18 13:20:00,3,44534.3,235,3,44534.3,2,3,5,4,At Risk – High Value,44534.3,48.5,44534.3
15098,2011-06-01,2011-06-10 15:22:00,2011-06-10 15:33:00,3,39916.5,182,3,39916.5,3,3,5,4,Loyal,39916.5,0.0,39916.5
16180,2010-06-01,2010-06-23 13:19:00,2011-08-31 16:28:00,13,16249.869999999999,100,13,16249.869999999999,3,5,5,5,Loyal,10254.18,20.5,10254.18
12980,2009-12-01,2009-12-02 11:26:00,2011-07-05 09:34:00,21,16245.779999999999,157,21,16245.779999999999,3,5,5,5,Loyal,7374.900000000001,27.0,7374.900000000001
16745,2011-02-01,2011-02-01 11:31:00,2011-09-14 11:58:00,17,7180.699999999999,86,17,7180.699999999999,3,5,5,5,Loyal,7180.699999999999,12.0,7180.699999999999
13093,2009-12-01,2009-12-04 10:32:00,2011-03-09 12:14:00,55,54144.25,275,55,54144.25,2,5,5,5,At Risk – High Value,7033.07,9.0,7033.07
13027,2010-01-01,2010-01-20 10:41:00,2011-08-18 09:39:00,19,17239.2,113,19,17239.2,3,5,5,5,Loyal,6912.0,27.0,6912.0
15939,2010-11-01,2010-11-30 12:07:00,2011-09-11 11:30:00,15,9004.840000000002,89,15,9004.840000000002,3,5,5,5,Loyal,6100.009999999999,17.0,6100.009999999999
16553,2010-02-01,2010-02-11 18:46:00,2011-06-29 15:42:00,33,16584.01,163,33,16584.01,3,5,5,5,Loyal,5719.82,0.0,5719.82
17061,2011-04-01,2011-04-21 13:29:00,2011-09-27 11:24:00,11,5232.2300000000005,73,11,5232.2300000000005,3,5,5,5,Loyal,5232.2300000000005,12.5,5232.2300000000005
13802,2010-02-01,2010-02-16 10:11:00,2011-07-24 10:54:00,19,26259.11,138,19,26259.11,3,5,5,5,Loyal,4599.42,20.0,4599.42
16984,2010-03-01,2010-03-07 15:34:00,2011-09-12 13:43:00,9,10350.53,88,9,10350.53,3,5,5,5,Loyal,4459.519999999998,41.5,4459.519999999998
15874,2010-01-01,2010-01-07 13:56:00,2011-10-07 12:31:00,21,11284.759999999998,63,21,11284.759999999998,3,5,5,5,Loyal,4405.88,26.5,4405.88
18251,2009-12-01,2009-12-22 12:01:00,2011-09-13 15:03:00,9,26278.859999999997,87,9,26278.859999999997,3,5,5,5,Loyal,4314.719999999999,23.0,4314.719999999999
14016,2010-01-01,2010-01-08 14:12:00,2011-07-01 11:29:00,11,11303.41,161,11,11303.41,3,5,5,5,Loyal,4291.21,47.0,4291.21
18073,2011-05-01,2011-05-26 19:38:00,2011-08-17 14:02:00,12,3859.82,114,12,3859.82,3,5,5,5,Loyal,3859.8199999999997,9.0,3859.8199999999997
13552,2010-02-01,2010-02-19 13:28:00,2011-10-04 15:19:00,22,6948.92,66,22,6948.92,3,5,5,5,Loyal,3740.07,20.0,3740.07
14364,2011-05-01,2011-05-12 12:56:00,2011-08-23 11:01:00,8,3717.3500000000004,108,8,3717.3500000000004,3,4,5,4,Loyal,3717.35,12.0,3717.35
15379,2010-11-01,2010-11-04 11:59:00,2011-06-23 13:13:00,8,4877.84,169,8,4877.84,3,4,5,4,Loyal,3703.290000000001,22.0,3703.290000000001
17230,2009-12-01,2009-12-08 13:41:00,2011-03-20 16:12:00,18,9388.49,264,18,9388.49,2,5,5,5,At Risk – High Value,3638.41,6.0,3638.41
13082,2009-12-01,2009-12-22 15:37:00,2011-08-05 16:16:00,21,7335.75,126,21,7335.75,3,5,5,5,Loyal,3613.63,19.0,3613.63
15410,2010-04-01,2010-04-19 08:57:00,2011-09-16 14:47:00,10,4685.72,84,10,4685.72,3,5,5,5,Loyal,3450.84,30.0,3450.84
17723,2010-11-01,2010-11-29 10:35:00,2011-08-04 18:37:00,7,3378.4000000000005,127,7,3378.4000000000005,3,4,5,4,Loyal,3276.4000000000005,17.5,3276.4000000000005
13952,2009-12-01,2009-12-16 09:41:00,2011-05-06 09:00:00,14,12823.52,217,14,12823.52,2,5,5,5,At Risk – High Value,3251.0699999999997,39.0,3251.0699999999997
18087,2009-12-01,2009-12-01 09:43:00,2011-02-22 10:43:00,16,13908.72,290,16,13908.72,2,5,5,5,At Risk – High Value,3202.9199999999996,25.0,3202.9199999999996
15491,2011-04-01,2011-04-18 10:04:00,2011-09-05 15:56:00,6,3100.09,95,6,3100.09,3,4,5,4,Loyal,3100.09,17.0,3100.09
13869,2010-01-01,2010-01-17 14:53:00,2011-08-08 13:53:00,10,7996.869999999997,123,10,7996.869999999997,3,5,5,5,Loyal,3083.6499999999983,60.0,3083.6499999999983
13631,2011-03-01,2011-03-17 17:13:00,2011-09-01 09:57:00,11,3070.42,99,11,3070.42,3,5,5,5,Loyal,3070.42,8.5,3070.42
12643,2010-04-01,2010-04-07 14:16:00,2011-08-03 12:56:00,11,7803.82,128,11,7803.82,3,5,5,5,Loyal,3041.6400000000003,40.0,3041.6400000000003
18094,2010-01-01,2010-01-07 11:16:00,2011-09-19 09:28:00,13,6391.52,81,13,6391.52,3,5,5,5,Loyal,3017.3,36.0,3017.3
12754,2011-02-01,2011-02-04 10:31:00,2011-04-18 09:00:00,3,3010.7400000000002,235,3,3010.7400000000002,2,3,5,4,At Risk – High Value,3010.74,36.0,3010.74
17504,2010-02-01,2010-02-08 09:22:00,2011-05-17 12:59:00,18,9490.170000000002,206,18,9490.170000000002,2,5,5,5,At Risk – High Value,2997.0300000000007,21.0,2997.0300000000007
12502,2011-02-01,2011-02-03 10:41:00,2011-09-05 11:52:00,5,2995.87,95,5,2995.87,3,4,5,4,Loyal,2995.87,45.5,2995.87
16316,2010-08-01,2010-08-03 14:38:00,2011-10-06 13:48:00,13,5744.91,64,13,5744.91,3,5,5,5,Loyal,2938.91,26.0,2938.91
15606,2010-03-01,2010-03-02 14:48:00,2011-10-09 15:47:00,17,5230.99,61,17,5230.99,3,5,5,5,Loyal,2920.16,29.0,2920.16
15321,2010-02-01,2010-02-03 09:47:00,2011-09-30 09:40:00,12,6709.7300000000005,70,12,6709.7300000000005,3,5,5,5,Loyal,2748.310000000001,21.0,2748.310000000001
15808,2009-12-01,2009-12-01 16:30:00,2011-02-06 14:33:00,21,17180.25,306,21,17180.25,2,5,5,5,At Risk – High Value,2698.2200000000003,21.0,2698.2200000000003
16928,2010-02-01,2010-02-03 12:30:00,2011-09-20 15:10:00,26,3798.08,80,26,3798.08,3,5,5,5,Loyal,2690.5,14.0,2690.5
14439,2010-01-01,2010-01-21 14:01:00,2011-01-24 11:39:00,5,9443.04,319,5,9443.04,2,4,5,4,At Risk – High Value,2661.24,119.5,2661.24
13851,2010-01-01,2010-01-29 11:54:00,2011-09-05 12:36:00,8,4606.460000000001,95,8,4606.460000000001,3,4,5,4,Loyal,2651.4600000000005,46.0,2651.4600000000005
13771,2010-02-01,2010-02-25 12:37:00,2011-10-06 14:18:00,9,5728.82,64,9,5728.82,3,5,5,5,Loyal,2634.45,31.5,2634.45
18260,2009-12-01,2009-12-15 13:50:00,2011-06-20 12:37:00,23,9947.26,172,23,9947.26,3,5,5,5,Loyal,2628.35,17.0,2628.35
15980,2010-06-01,2010-06-01 14:40:00,2011-09-12 09:41:00,7,6543.68,88,7,6543.68,3,4,5,4,Loyal,2398.8600000000006,32.5,2398.8600000000006
16919,2010-08-01,2010-08-19 15:28:00,2011-07-06 13:35:00,24,4909.660000000001,156,24,4909.660000000001,3,5,5,5,Loyal,2393.9,8.0,2393.9
17444,2011-06-01,2011-06-20 09:04:00,2011-07-11 10:33:00,2,2389.1000000000004,151,2,2389.1000000000004,3,3,4,4,Loyal,2389.1000000000004,21.0,2389.1000000000004
13141,2009-12-01,2009-12-09 13:34:00,2011-09-16 09:54:00,17,7656.08,84,17,7656.08,3,5,5,5,Loyal,2388.75,35.5,2388.75
13722,2010-03-01,2010-03-03 14:13:00,2011-07-31 12:44:00,10,5635.410000000002,131,10,5635.410000000002,3,5,5,5,Loyal,2375.4100000000008,28.0,2375.4100000000008
15704,2010-05-01,2010-05-05 14:51:00,2011-07-22 13:35:00,6,3734.6600000000003,140,6,3734.6600000000003,3,4,5,4,Loyal,2293.62,46.0,2293.62
13317,2009-12-01,2009-12-13 11:11:00,2011-10-04 13:35:00,19,6486.09,66,19,6486.09,3,5,5,5,Loyal,2273.68,28.0,2273.68
15032,2009-12-01,2009-12-10 15:27:00,2011-03-28 15:03:00,8,11010.05,256,8,11010.05,2,4,5,4,At Risk – High Value,2188.5,55.0,2188.5
14407,2011-03-01,2011-03-08 11:59:00,2011-08-24 14:02:00,5,2142.73,107,5,2142.73,3,4,4,4,Loyal,2142.73,45.0,2142.73
14828,2009-12-01,2009-12-07 11:19:00,2011-05-27 10:16:00,13,9839.460000000001,196,13,9839.460000000001,2,5,5,5,At Risk – High Value,2139.76,43.0,2139.76
18008,2010-01-01,2010-01-06 12:35:00,2011-09-30 15:17:00,23,19759.08,70,23,19759.08,3,5,5,5,Loyal,2116.19,19.0,2116.19
18093,2010-03-01,2010-03-31 10:27:00,2011-09-07 15:43:00,8,4452.710000000001,93,8,4452.710000000001,3,5,5,5,Loyal,2106.5200000000004,27.0,2106.5200000000004
14461,2010-01-01,2010-01-18 12:48:00,2011-07-14 17:11:00,13,6676.5199999999995,148,13,6676.5199999999995,3,5,5,5,Loyal,2102.67,41.5,2102.67
15235,2010-11-01,2010-11-16 12:48:00,2011-05-06 09:44:00,16,2772.76,217,16,2772.76,2,5,4,4,At Risk – High Value,2082.46,8.0,2082.46
15299,2010-01-01,2010-01-12 11:34:00,2011-10-03 14:19:00,9,5556.530000000001,67,9,5556.530000000001,3,5,5,5,Loyal,2072.0,31.0,2072.0
18231,2010-01-01,2010-01-10 12:13:00,2011-05-31 14:18:00,28,6848.27,192,28,6848.27,2,5,5,5,At Risk – High Value,2071.77,11.0,2071.77
17597,2010-05-01,2010-05-05 15:33:00,2011-05-10 11:54:00,5,3484.09,213,5,3484.09,2,4,5,4,At Risk – High Value,2044.3700000000003,64.5,2044.3700000000003
12457,2010-09-01,2010-09-30 17:59:00,2011-10-04 13:13:00,7,2555.91,66,7,2555.91,3,4,4,4,Loyal,2043.23,9.5,2043.23
13593,2010-03-01,2010-03-02 16:36:00,2011-08-23 13:35:00,14,5493.289999999999,108,14,5493.289999999999,3,5,5,5,Loyal,2011.88,41.0,2011.88
15372,2010-02-01,2010-02-14 11:24:00,2011-07-25 16:39:00,8,6017.060000000001,137,8,6017.060000000001,3,4,5,4,Loyal,2007.4,5.0,2007.4
16698,2011-03-01,2011-03-31 13:33:00,2011-04-27 10:52:00,2,1998.0,226,2,1998.0,2,2,4,3,At Risk,1998.0,26.0,1998.0
17337,2011-02-01,2011-02-02 17:06:00,2011-07-11 14:55:00,4,1979.6100000000006,151,4,1979.6100000000006,3,4,4,4,Loyal,1979.6100000000006,59.0,1979.6100000000006
14462,2010-10-01,2010-10-03 14:13:00,2011-10-04 15:55:00,12,2237.81,66,12,2237.81,3,5,4,4,Loyal,1975.57,31.0,1975.57
17997,2011-06-01,2011-06-28 17:28:00,2011-09-26 16:13:00,8,1962.46,74,8,1962.46,3,5,4,4,Loyal,1962.46,7.0,1962.46
12853,2010-02-01,2010-02-05 11:57:00,2011-07-28 11:29:00,11,3907.5,134,11,3907.5,3,5,5,5,Loyal,1957.1000000000001,61.0,1957.1000000000001
15641,2009-12-01,2009-12-06 15:31:00,2011-08-26 14:04:00,12,5345.55,105,12,5345.55,3,5,5,5,Loyal,1887.2,50.0,1887.2
14305,2011-07-01,2011-07-27 14:14:00,2011-09-29 15:29:00,3,1858.96,71,3,1858.96,3,3,4,4,Loyal,1858.96,31.5,1858.96
14472,2010-01-01,2010-01-19 13:09:00,2011-08-28 11:01:00,9,2118.7199999999993,103,9,2118.7199999999993,3,5,4,4,Loyal,1852.6699999999996,30.5,1852.6699999999996
15812,2009-12-01,2009-12-15 13:40:00,2011-08-24 14:19:00,12,5201.470000000001,107,12,5201.470000000001,3,5,5,5,Loyal,1801.14,44.0,1801.14
12823,2010-01-01,2010-01-29 12:52:00,2011-09-26 07:35:00,18,6501.5,74,18,6501.5,3,5,5,5,Loyal,1759.5,27.0,1759.5
16550,2009-12-01,2009-12-02 11:24:00,2011-08-23 11:12:00,18,8807.68,108,18,8807.68,3,5,5,5,Loyal,1744.31,32.0,1744.31
17457,2009-12-01,2009-12-07 14:52:00,2011-08-05 12:48:00,14,5984.81,126,14,5984.81,3,5,5,5,Loyal,1737.6999999999998,47.0,1737.6999999999998
12843,2009-12-01,2009-12-13 11:41:00,2011-10-05 12:09:00,28,6461.869999999999,65,28,6461.869999999999,3,5,5,5,Loyal,1702.26,11.0,1702.26
14245,2011-03-01,2011-03-21 10:41:00,2011-05-04 08:40:00,2,1693.4499999999998,219,2,1693.4499999999998,2,2,4,3,At Risk,1693.4499999999998,43.0,1693.4499999999998
17152,2010-10-01,2010-10-10 12:40:00,2011-05-29 12:19:00,4,2016.5,194,4,2016.5,2,4,4,4,At Risk – High Value,1689.5,68.0,1689.5
13162,2009-12-01,2009-12-04 13:59:00,2011-08-09 15:59:00,16,9275.490000000002,122,16,9275.490000000002,3,5,5,5,Loyal,1688.29,37.0,1688.29
17656,2011-08-01,2011-08-03 10:45:00,2011-09-27 13:04:00,5,1674.69,73,5,1674.69,3,4,4,4,Loyal,1674.69,14.0,1674.69
15827,2010-01-01,2010-01-08 11:25:00,2011-09-27 15:35:00,28,3603.1400000000003,73,28,3603.1400000000003,3,5,5,5,Loyal,1645.16,22.0,1645.16
15122,2010-03-01,2010-03-30 14:05:00,2011-08-17 16:48:00,11,4487.27,114,11,4487.27,3,5,5,5,Loyal,1633.7800000000002,38.0,1633.7800000000002
14164,2011-09-01,2011-09-20 12:18:00,2011-09-30 12:24:00,2,1631.7700000000002,70,2,1631.7700000000002,3,2,4,3,Loyal,1631.7700000000002,10.0,1631.7700000000002
12383,2010-12-01,2010-12-22 14:28:00,2011-06-08 08:02:00,5,1628.56,184,5,1628.56,3,4,4,4,Loyal,1628.56,42.5,1628.56
14918,2010-04-01,2010-04-08 11:18:00,2011-08-16 11:50:00,9,5955.81,115,9,5955.81,3,5,5,5,Loyal,1610.15,36.0,1610.15
14210,2010-01-01,2010-01-06 10:17:00,2011-08-26 12:36:00,16,5556.57,105,16,5556.57,3,5,5,5,Loyal,1600.8899999999999,33.0,1600.8899999999999
16801,2011-03-01,2011-03-11 13:56:00,2011-06-29 15:33:00,4,1594.23,163,4,1594.23,3,4,4,4,Loyal,1594.23,29.0,1594.23
18178,2010-02-01,2010-02-18 14:25:00,2011-08-03 09:30:00,11,6103.740000000001,128,11,6103.740000000001,3,5,5,5,Loyal,1590.8100000000002,50.0,1590.8100000000002
16889,2010-05-01,2010-05-23 10:46:00,2011-05-29 11:05:00,6,2526.65,194,6,2526.65,2,4,4,4,At Risk – High Value,1578.67,61.0,1578.67
17204,2010-06-01,2010-06-10 11:37:00,2011-06-17 14:46:00,9,5504.6900000000005,175,9,5504.6900000000005,3,5,5,5,Loyal,1564.56,31.5,1564.56
13659,2010-02-01,2010-02-17 09:05:00,2011-05-18 12:37:00,12,4884.679999999999,205,12,4884.679999999999,2,5,5,5,At Risk – High Value,1563.0,24.0,1563.0
17085,2009-12-01,2009-12-06 12:16:00,2011-08-08 14:15:00,28,7839.27,123,28,7839.27,3,5,5,5,Loyal,1562.4,14.0,1562.4
12377,2010-04-01,2010-04-29 15:34:00,2011-01-28 15:45:00,4,3266.3199999999997,315,4,3266.3199999999997,2,3,5,4,At Risk – High Value,1548.1199999999997,39.0,1548.1199999999997
15625,2010-06-01,2010-06-15 15:23:00,2011-08-28 10:21:00,9,3236.4,103,9,3236.4,3,5,5,5,Loyal,1534.2600000000002,50.5,1534.2600000000002
14267,2011-03-01,2011-03-24 11:38:00,2011-06-30 10:09:00,3,1516.2399999999998,162,3,1516.2399999999998,3,3,4,4,Loyal,1516.24,48.5,1516.24
13791,2011-06-01,2011-06-24 16:38:00,2011-08-04 11:44:00,2,1516.0,127,2,1516.0,3,2,4,3,Loyal,1516.0,40.0,1516.0
14414,2010-11-01,2010-11-30 10:12:00,2011-09-09 12:09:00,8,2399.33,91,8,2399.33,3,4,4,4,Loyal,1496.98,10.0,1496.98
15057,2009-12-01,2009-12-05 15:27:00,2011-03-09 15:17:00,5,3255.96,275,5,3255.96,2,4,5,4,At Risk – High Value,1489.5,117.5,1489.5
17406,2009-12-01,2009-12-06 13:45:00,2011-01-10 15:07:00,13,4186.949999999999,333,13,4186.949999999999,2,5,5,5,At Risk – High Value,1482.3199999999995,25.5,1482.3199999999995
14403,2010-03-01,2010-03-10 14:00:00,2011-08-01 12:57:00,6,1880.5099999999998,130,6,1880.5099999999998,3,4,4,4,Loyal,1475.81,49.0,1475.81
16455,2010-03-01,2010-03-30 10:31:00,2011-10-07 12:17:00,11,3995.57,63,11,3995.57,3,5,5,5,Loyal,1459.8799999999999,29.5,1459.8799999999999
14740,2010-02-01,2010-02-25 11:40:00,2011-05-26 18:17:00,11,4161.06,197,11,4161.06,2,5,5,5,At Risk – High Value,1448.21,27.5,1448.21
16503,2010-06-01,2010-06-21 14:07:00,2011-08-25 11:46:00,11,3614.34,106,11,3614.34,3,5,5,5,Loyal,1431.9299999999998,35.0,1431.9299999999998
13475,2011-02-01,2011-02-14 12:36:00,2011-06-01 13:52:00,4,1431.7799999999997,191,4,1431.7799999999997,2,3,4,4,At Risk – High Value,1431.7799999999997,36.0,1431.7799999999997
12868,2010-11-01,2010-11-12 10:05:00,2011-06-07 10:42:00,8,2043.7600000000002,185,8,2043.7600000000002,3,4,4,4,Loyal,1403.7600000000002,32.0,1403.7600000000002
18116,2010-10-01,2010-10-24 15:29:00,2011-10-03 11:00:00,13,2130.8899999999994,67,13,2130.8899999999994,3,5,4,4,Loyal,1399.5099999999998,11.0,1399.5099999999998
18202,2011-02-01,2011-02-01 13:36:00,2011-05-24 12:12:00,3,1396.9899999999998,199,3,1396.9899999999998,2,3,4,4,At Risk – High Value,1396.9899999999998,55.5,1396.9899999999998
15260,2009-12-01,2009-12-06 11:45:00,2011-08-31 13:55:00,25,8767.73,100,25,8767.73,3,5,5,5,Loyal,1390.27,17.5,1390.27
15569,2010-02-01,2010-02-28 10:55:00,2011-08-28 10:15:00,10,3583.45,103,10,3583.45,3,5,5,5,Loyal,1375.7099999999998,49.0,1375.7099999999998
16456,2010-03-01,2010-03-29 11:16:00,2011-09-01 13:50:00,13,6000.94,99,13,6000.94,3,5,5,5,Loyal,1370.78,35.0,1370.78
14154,2010-01-01,2010-01-13 12:47:00,2011-04-14 16:26:00,8,6460.699999999999,239,8,6460.699999999999,2,4,5,4,At Risk – High Value,1345.62,42.0,1345.62
16045,2010-07-01,2010-07-29 12:50:00,2011-08-12 12:41:00,8,3434.9300000000003,119,8,3434.9300000000003,3,5,5,5,Loyal,1340.7000000000003,44.0,1340.7000000000003
13501,2010-05-01,2010-05-18 13:24:00,2011-02-24 18:59:00,3,2885.11,288,3,2885.11,2,3,5,4,At Risk – High Value,1340.3199999999997,140.5,1340.3199999999997
14045,2010-01-01,2010-01-08 10:08:00,2011-08-22 15:27:00,16,10986.630000000001,109,16,10986.630000000001,3,5,5,5,Loyal,1333.35,33.0,1333.35
16083,2010-11-01,2010-11-16 11:53:00,2011-08-31 10:47:00,4,2351.42,100,4,2351.42,3,4,4,4,Loyal,1317.6200000000001,21.0,1317.6200000000001
15813,2011-04-01,2011-04-14 09:09:00,2011-05-16 08:13:00,2,1303.91,207,2,1303.91,2,2,4,3,At Risk,1303.91,31.0,1303.91
12947,2010-12-01,2010-12-01 16:21:00,2011-07-19 10:06:00,6,1603.9900000000002,143,6,1603.9900000000002,3,4,4,4,Loyal,1299.9500000000003,38.0,1299.9500000000003
13492,2011-05-01,2011-05-09 10:06:00,2011-07-26 14:25:00,3,1269.8399999999997,136,3,1269.8399999999997,3,3,4,4,Loyal,1269.8399999999997,38.5,1269.8399999999997
14669,2009-12-01,2009-12-02 13:06:00,2011-04-12 11:43:00,7,3216.78,241,7,3216.78,2,4,5,4,At Risk – High Value,1259.2399999999998,51.0,1259.2399999999998
14573,2010-01-01,2010-01-08 16:34:00,2011-06-13 11:15:00,13,2163.1199999999994,179,13,2163.1199999999994,3,5,4,4,Loyal,1237.82,14.0,1237.82
13931,2009-12-01,2009-12-03 10:26:00,2011-09-05 10:12:00,11,5257.380000000001,95,11,5257.380000000001,3,5,5,5,Loyal,1237.5300000000007,32.0,1237.5300000000007
14745,2010-03-01,2010-03-12 10:33:00,2011-08-19 10:05:00,12,2551.41,112,12,2551.41,3,5,4,4,Loyal,1220.26,28.0,1220.26
13752,2010-06-01,2010-06-30 10:23:00,2011-08-07 14:16:00,7,1579.83,124,7,1579.83,3,4,4,4,Loyal,1175.38,29.5,1175.38
12885,2011-08-01,2011-08-08 11:45:00,2011-10-07 13:40:00,3,1175.22,63,3,1175.22,3,3,3,3,Loyal,1175.22,30.0,1175.22
15108,2011-04-01,2011-04-26 10:54:00,2011-07-21 10:24:00,3,1159.25,141,3,1159.25,3,3,3,3,Loyal,1159.25,42.5,1159.25
16184,2011-05-01,2011-05-12 13:33:00,2011-10-06 17:43:00,6,1158.7900000000002,64,6,1158.7900000000002,3,4,3,4,Loyal,1158.79,29.0,1158.79
17505,2010-04-01,2010-04-13 16:33:00,2011-07-01 12:50:00,5,2435.48,161,5,2435.48,3,4,4,4,Loyal,1145.8400000000001,49.0,1145.8400000000001
16766,2011-03-01,2011-03-11 13:34:00,2011-03-11 15:22:00,2,1145.6,273,2,1145.6,2,2,3,2,Hibernating,1145.6,0.0,1145.6
17770,2011-03-01,2011-03-02 13:35:00,2011-05-25 12:34:00,5,1143.2699999999998,198,5,1143.2699999999998,2,4,3,4,At Risk – High Value,1143.27,9.5,1143.27
15985,2010-05-01,2010-05-27 15:51:00,2011-08-08 16:31:00,7,2715.2799999999997,123,7,2715.2799999999997,3,4,4,4,Loyal,1142.42,49.0,1142.42
13819,2009-12-01,2009-12-01 16:18:00,2011-02-11 10:38:00,6,2642.35,301,6,2642.35,2,4,4,4,At Risk – High Value,1140.35,10.0,1140.35
16172,2010-07-01,2010-07-14 15:34:00,2011-09-05 13:22:00,8,1884.55,95,8,1884.55,3,5,4,4,Loyal,1140.21,34.0,1140.21
16692,2010-09-01,2010-09-24 11:31:00,2011-03-28 14:46:00,4,1764.6999999999998,256,4,1764.6999999999998,2,4,4,4,At Risk – High Value,1126.0,32.0,1126.0
18239,2010-10-01,2010-10-13 10:11:00,2011-05-05 12:38:00,6,1712.2600000000002,218,6,1712.2600000000002,2,4,4,4,At Risk – High Value,1123.5100000000002,49.0,1123.5100000000002
13486,2011-07-01,2011-07-07 17:19:00,2011-09-22 13:13:00,3,1122.41,78,3,1122.41,3,3,3,3,Loyal,1122.41,38.0,1122.41
12857,2010-01-01,2010-01-25 15:37:00,2011-05-13 10:20:00,6,3687.9999999999995,210,6,3687.9999999999995,2,4,5,4,At Risk – High Value,1106.4,94.0,1106.4
14410,2010-09-01,2010-09-28 15:46:00,2011-09-08 15:08:00,11,2630.8999999999996,92,11,2630.8999999999996,3,5,4,4,Loyal,1099.27,45.0,1099.27
17787,2010-12-01,2010-12-03 13:43:00,2011-07-10 11:24:00,4,1817.5399999999997,152,4,1817.5399999999997,3,4,4,4,Loyal,1081.26,47.0,1081.26
14352,2011-03-01,2011-03-11 14:58:00,2011-07-05 15:41:00,4,1078.9599999999998,157,4,1078.9599999999998,3,3,3,3,Loyal,1078.9599999999998,38.0,1078.9599999999998
17277,2011-01-01,2011-01-21 12:37:00,2011-04-26 12:47:00,2,1065.3500000000001,227,2,1065.3500000000001,2,3,3,3,At Risk,1065.3500000000001,95.0,1065.3500000000001
16214,2010-09-01,2010-09-30 13:57:00,2011-06-22 11:30:00,4,2038.25,170,4,2038.25,3,4,4,4,Loyal,1062.75,82.0,1062.75
15706,2011-08-01,2011-08-15 14:32:00,2011-10-07 10:09:00,4,1060.56,63,4,1060.56,3,3,3,3,Loyal,1060.56,10.0,1060.56
15777,2010-05-01,2010-05-20 10:37:00,2011-04-12 16:43:00,7,1762.61,241,7,1762.61,2,4,4,4,At Risk – High Value,1047.11,39.0,1047.11
16320,2010-01-01,2010-01-27 13:29:00,2011-06-20 15:25:00,6,5628.990000000001,172,6,5628.990000000001,3,4,5,4,Loyal,1038.4600000000003,60.0,1038.4600000000003
14465,2010-01-01,2010-01-07 15:03:00,2011-04-07 12:38:00,11,3925.8499999999995,246,11,3925.8499999999995,2,5,5,5,At Risk – High Value,1038.4399999999998,39.5,1038.4399999999998
16175,2010-05-01,2010-05-25 12:01:00,2011-09-06 14:32:00,7,1836.44,94,7,1836.44,3,4,4,4,Loyal,1037.59,45.5,1037.59
14584,2010-02-01,2010-02-17 14:01:00,2011-06-23 18:33:00,8,1738.1599999999999,169,8,1738.1599999999999,3,4,4,4,Loyal,1033.06,30.0,1033.06
17724,2011-07-01,2011-07-24 13:26:00,2011-09-29 15:26:00,3,1033.0,71,3,1033.0,3,3,3,3,Loyal,1033.0,33.5,1033.0
16980,2010-10-01,2010-10-07 14:05:00,2011-03-29 16:36:00,3,1422.8300000000004,255,3,1422.8300000000004,2,3,4,4,At Risk – High Value,1028.4600000000003,86.0,1028.4600000000003
16160,2011-09-01,2011-09-15 10:53:00,2011-10-05 14:19:00,2,1025.4400000000003,65,2,1025.4400000000003,3,2,3,2,Need Attention,1025.4400000000003,20.0,1025.4400000000003
18142,2011-05-01,2011-05-08 12:31:00,2011-07-05 13:19:00,2,1019.52,157,2,1019.52,3,3,3,3,Loyal,1019.52,58.0,1019.52
14195,2010-03-01,2010-03-15 17:12:00,2011-05-22 10:29:00,6,2615.5999999999995,201,6,2615.5999999999995,2,4,4,4,At Risk – High Value,1011.9999999999999,52.0,1011.9999999999999
17894,2010-08-01,2010-08-27 14:13:00,2011-09-29 09:23:00,18,2304.16,71,18,2304.16,3,5,4,4,Loyal,1011.7700000000002,7.0,1011.7700000000002
14817,2010-03-01,2010-03-22 12:10:00,2011-05-23 13:35:00,7,3609.8599999999997,200,7,3609.8599999999997,2,4,5,4,At Risk – High Value,1010.34,81.5,1010.34
15002,2010-01-01,2010-01-12 11:40:00,2011-08-16 10:44:00,9,4138.08,115,9,4138.08,3,5,5,5,Loyal,1010.1100000000002,34.5,1010.1100000000002
14224,2010-06-01,2010-06-13 13:46:00,2011-08-21 13:24:00,9,1841.7099999999998,110,9,1841.7099999999998,3,5,4,4,Loyal,1009.7299999999999,48.5,1009.7299999999999
16174,2010-04-01,2010-04-15 15:12:00,2011-08-05 13:26:00,7,2246.75,126,7,2246.75,3,4,4,4,Loyal,1009.5500000000001,32.5,1009.5500000000001
15596,2010-07-01,2010-07-28 11:46:00,2011-08-31 10:55:00,9,2727.7200000000003,100,9,2727.7200000000003,3,5,4,4,Loyal,1004.27,41.0,1004.27
15508,2011-04-01,2011-04-18 15:31:00,2011-06-03 15:43:00,6,1000.27,189,6,1000.27,2,4,3,4,At Risk – High Value,1000.27,6.0,1000.27
18143,2011-07-01,2011-07-21 10:44:00,2011-08-15 12:07:00,2,1000.1599999999999,116,2,1000.1599999999999,3,3,3,3,Loyal,1000.1599999999999,25.0,1000.1599999999999
15104,2011-03-01,2011-03-02 14:16:00,2011-05-27 12:29:00,2,993.5399999999997,196,2,993.5399999999997,2,2,3,2,Hibernating,993.5399999999997,85.0,993.5399999999997
17126,2010-08-01,2010-08-31 13:41:00,2011-07-10 13:52:00,9,2008.9299999999998,152,9,2008.9299999999998,3,5,4,4,Loyal,989.45,25.0,989.45
12722,2011-07-01,2011-07-12 11:55:00,2011-09-15 14:50:00,4,979.6299999999999,85,4,979.6299999999999,3,3,3,3,Loyal,979.6299999999999,29.0,979.6299999999999
14256,2010-01-01,2010-01-14 10:35:00,2011-03-24 13:17:00,5,2460.7900000000004,260,5,2460.7900000000004,2,4,4,4,At Risk – High Value,969.06,115.5,969.06
16419,2010-02-01,2010-02-09 13:26:00,2011-08-19 12:33:00,8,1463.7,112,8,1463.7,3,5,4,4,Loyal,958.71,39.0,958.71
12822,2011-09-01,2011-09-13 13:46:00,2011-09-30 10:04:00,2,948.8799999999998,70,2,948.8799999999998,3,2,3,2,Need Attention,948.8799999999998,16.0,948.8799999999998
13261,2011-02-01,2011-02-27 10:41:00,2011-03-16 12:22:00,2,944.1,268,2,944.1,2,2,3,2,Hibernating,944.1,17.0,944.1
16027,2010-01-01,2010-01-08 13:21:00,2011-09-09 10:47:00,15,2048.36,91,15,2048.36,3,5,4,4,Loyal,934.62,29.5,934.62
14532,2010-01-01,2010-01-10 11:47:00,2011-04-17 13:05:00,11,3845.78,236,11,3845.78,2,5,5,5,At Risk – High Value,932.8499999999999,40.0,932.8499999999999
14231,2010-09-01,2010-09-15 09:52:00,2011-06-09 11:05:00,4,1235.62,183,4,1235.62,3,3,4,4,Loyal,925.71,56.0,925.71
15312,2009-12-01,2009-12-16 09:23:00,2011-09-25 13:10:00,12,2930.19,75,12,2930.19,3,5,5,5,Loyal,924.85,34.0,924.85
17848,2009-12-01,2009-12-06 13:19:00,2011-09-19 16:49:00,30,3538.4599999999996,81,30,3538.4599999999996,3,5,5,5,Loyal,901.2,15.0,901.2
14625,2009-12-01,2009-12-16 13:23:00,2011-05-27 15:32:00,11,4497.88,196,11,4497.88,2,5,5,5,At Risk – High Value,899.63,37.0,899.63
18168,2009-12-01,2009-12-03 17:29:00,2011-06-16 19:21:00,16,3435.5000000000005,176,16,3435.5000000000005,3,5,5,5,Loyal,896.7400000000001,35.0,896.7400000000001
17829,2010-02-01,2010-02-22 15:39:00,2011-02-14 12:46:00,5,4756.7400000000025,298,5,4756.7400000000025,2,4,5,4,At Risk – High Value,889.24,81.0,889.24
17704,2011-04-01,2011-04-14 09:28:00,2011-06-24 09:40:00,2,885.19,168,2,885.19,3,3,3,3,Loyal,885.19,71.0,885.19
13037,2009-12-01,2009-12-03 17:04:00,2011-07-24 15:46:00,12,3914.95,138,12,3914.95,3,5,5,5,Loyal,881.0699999999999,51.0,881.0699999999999
15653,2011-08-01,2011-08-16 09:50:00,2011-09-08 10:49:00,2,877.4399999999999,92,2,877.4399999999999,3,2,3,2,Need Attention,877.4399999999999,23.0,877.4399999999999
14770,2010-02-01,2010-02-25 18:58:00,2011-04-21 14:21:00,8,3637.6400000000003,232,8,3637.6400000000003,2,4,5,4,At Risk – High Value,876.4200000000001,41.0,876.4200000000001
12815,2011-05-01,2011-05-25 13:34:00,2011-07-15 10:21:00,2,863.4599999999998,147,2,863.4599999999998,3,2,3,2,Need Attention,863.4599999999998,50.0,863.4599999999998
16266,2010-02-01,2010-02-04 16:21:00,2011-09-27 12:08:00,14,1757.9499999999998,73,14,1757.9499999999998,3,5,4,4,Loyal,861.89,24.0,861.89
16037,2010-03-01,2010-03-01 12:31:00,2011-03-15 09:13:00,5,1509.34,269,5,1509.34,2,4,4,4,At Risk – High Value,855.02,78.5,855.02
12878,2011-03-01,2011-03-18 14:02:00,2011-04-17 13:07:00,2,854.99,236,2,854.99,2,2,3,2,Hibernating,854.99,29.0,854.99
14803,2011-02-01,2011-02-20 13:21:00,2011-06-30 13:58:00,3,845.5500000000001,162,3,845.5500000000001,3,3,3,3,Loyal,845.5500000000001,64.5,845.5500000000001
13221,2010-12-01,2010-12-15 13:24:00,2011-04-13 16:58:00,2,844.8600000000001,240,2,844.8600000000001,2,2,3,2,Hibernating,844.8600000000001,119.0,844.8600000000001
13929,2010-01-01,2010-01-14 07:25:00,2011-06-23 15:26:00,11,3494.1,169,11,3494.1,3,5,5,5,Loyal,842.65,46.5,842.65
16644,2011-05-01,2011-05-11 12:53:00,2011-06-15 12:39:00,2,833.7799999999997,177,2,833.7799999999997,3,2,3,2,Need Attention,833.7799999999997,34.0,833.7799999999997
16943,2011-01-01,2011-01-25 14:00:00,2011-05-12 11:57:00,3,816.73,211,3,816.73,2,3,3,3,At Risk,816.73,53.0,816.73
14161,2009-12-01,2009-12-13 11:46:00,2011-05-08 11:41:00,7,2996.9299999999994,215,7,2996.9299999999994,2,4,5,4,At Risk – High Value,814.47,80.0,814.47
18064,2010-02-01,2010-02-01 15:01:00,2011-07-29 16:39:00,11,4481.83,133,11,4481.83,3,5,5,5,Loyal,814.0,35.5,814.0
17980,2010-11-01,2010-11-11 14:42:00,2011-06-27 12:01:00,4,1012.72,165,4,1012.72,3,4,3,4,Loyal,811.4499999999999,38.0,811.4499999999999
13707,2010-06-01,2010-06-21 11:57:00,2011-03-17 18:03:00,5,3365.86,267,5,3365.86,2,4,5,4,At Risk – High Value,806.4099999999999,77.0,806.4099999999999
13715,2010-03-01,2010-03-11 15:33:00,2011-03-03 19:21:00,17,8153.04,281,17,8153.04,2,5,5,5,At Risk – High Value,804.7400000000002,19.5,804.7400000000002
15644,2011-03-01,2011-03-23 15:37:00,2011-06-26 14:54:00,4,803.54,166,4,803.54,3,3,3,3,Loyal,803.54,4.0,803.54
13280,2010-03-01,2010-03-05 09:07:00,2011-08-09 13:14:00,7,2293.33,122,7,2293.33,3,4,4,4,Loyal,798.46,45.0,798.46
12652,2010-10-01,2010-10-01 15:16:00,2011-01-12 15:00:00,2,891.0299999999997,331,2,891.0299999999997,2,2,3,2,Hibernating,793.9799999999998,102.0,793.9799999999998
13016,2011-08-01,2011-08-08 15:00:00,2011-09-27 14:08:00,3,789.8899999999999,73,3,789.8899999999999,3,3,3,3,Loyal,789.8899999999998,24.5,789.8899999999998
17409,2009-12-01,2009-12-11 12:17:00,2011-06-08 10:36:00,10,7793.51,184,10,7793.51,3,5,5,5,Loyal,771.8500000000001,48.0,771.8500000000001
15996,2010-11-01,2010-11-07 15:49:00,2011-09-12 15:14:00,7,1386.4,88,7,1386.4,3,4,4,4,Loyal,769.33,40.0,769.33
17268,2009-12-01,2009-12-08 11:46:00,2011-08-24 10:06:00,11,1733.8899999999999,107,11,1733.8899999999999,3,5,4,4,Loyal,763.64,44.0,763.64
17646,2009-12-01,2009-12-16 09:37:00,2011-05-04 13:17:00,12,3898.79,219,12,3898.79,2,5,5,5,At Risk – High Value,757.3900000000001,43.0,757.3900000000001
15223,2009-12-01,2009-12-05 11:19:00,2011-04-28 11:31:00,5,1417.9499999999998,225,5,1417.9499999999998,2,4,4,4,At Risk – High Value,755.75,62.0,755.75
15079,2009-12-01,2009-12-08 11:22:00,2011-05-11 12:45:00,11,3625.4000000000005,212,11,3625.4000000000005,2,5,5,5,At Risk – High Value,753.6600000000002,47.5,753.6600000000002
13730,2011-07-01,2011-07-01 12:47:00,2011-07-27 08:35:00,2,752.6000000000001,135,2,752.6000000000001,3,2,3,2,Need Attention,752.6000000000001,25.0,752.6000000000001
17146,2010-02-01,2010-02-02 09:39:00,2011-08-26 12:44:00,13,5852.639999999999,105,13,5852.639999999999,3,5,5,5,Loyal,749.7800000000001,30.0,749.7800000000001
13748,2009-12-01,2009-12-01 16:44:00,2011-09-05 09:45:00,9,2064.35,95,9,2064.35,3,5,4,4,Loyal,744.25,17.5,744.25
13753,2009-12-01,2009-12-03 10:20:00,2011-02-25 12:48:00,4,2094.57,287,4,2094.57,2,3,4,4,At Risk – High Value,741.26,85.0,741.26
12976,2010-02-01,2010-02-12 15:46:00,2011-05-12 09:55:00,8,3156.38,211,8,3156.38,2,4,5,4,At Risk – High Value,738.6,42.0,738.6
16806,2011-04-01,2011-04-14 19:59:00,2011-08-28 15:27:00,4,736.21,103,4,736.21,3,4,3,4,Loyal,736.21,50.0,736.21
16146,2010-09-01,2010-09-17 10:46:00,2011-07-05 14:20:00,4,946.3800000000001,157,4,946.3800000000001,3,4,3,4,Loyal,734.13,46.0,734.13
17692,2010-06-01,2010-06-17 11:14:00,2011-08-04 14:01:00,12,2960.4400000000005,127,12,2960.4400000000005,3,5,5,5,Loyal,725.58,34.0,725.58
16520,2010-03-01,2010-03-02 16:50:00,2011-06-06 13:24:00,6,2148.3799999999997,186,6,2148.3799999999997,3,4,4,4,Loyal,720.8099999999998,59.0,720.8099999999998
18062,2010-04-01,2010-04-21 08:55:00,2011-06-19 14:47:00,6,1632.67,173,6,1632.67,3,4,4,4,Loyal,720.5200000000001,48.0,720.5200000000001
15658,2009-12-01,2009-12-03 11:19:00,2011-06-02 15:22:00,8,2117.2700000000004,190,8,2117.2700000000004,2,4,4,4,At Risk – High Value,717.9000000000001,63.0,717.9000000000001
15855,2010-08-01,2010-08-20 17:15:00,2011-07-26 10:20:00,6,1052.72,136,6,1052.72,3,4,3,4,Loyal,712.24,34.0,712.24
12693,2010-07-01,2010-07-05 13:56:00,2011-08-04 17:51:00,7,1415.02,127,7,1415.02,3,4,4,4,Loyal,711.9100000000001,62.5,711.9100000000001
17179,2010-05-01,2010-05-26 11:22:00,2011-06-14 16:48:00,6,1507.26,178,6,1507.26,3,4,4,4,Loyal,711.79,54.0,711.79
14867,2009-12-01,2009-12-05 15:47:00,2011-06-07 11:39:00,16,2952.06,185,16,2952.06,3,5,5,5,Loyal,710.28,22.0,710.28
14127,2010-10-01,2010-10-10 11:53:00,2011-08-09 10:49:00,6,1900.08,122,6,1900.08,3,4,4,4,Loyal,709.71,53.0,709.71
16449,2011-03-01,2011-03-04 12:15:00,2011-05-26 10:25:00,2,707.6899999999998,197,2,707.6899999999998,2,2,3,2,Hibernating,707.6899999999998,82.0,707.6899999999998
16997,2011-01-01,2011-01-18 11:51:00,2011-02-24 17:28:00,3,702.0,288,3,702.0,2,3,3,3,At Risk,702.0,18.5,702.0
14356,2011-09-01,2011-09-19 14:43:00,2011-09-21 09:18:00,2,701.2299999999998,79,2,701.2299999999998,3,2,3,2,Need Attention,701.2299999999998,1.0,701.2299999999998
15700,2011-06-01,2011-06-19 15:36:00,2011-06-20 16:53:00,2,696.6799999999996,172,2,696.6799999999996,3,2,3,2,Need Attention,696.6799999999996,1.0,696.6799999999996
12735,2011-01-01,2011-01-06 14:26:00,2011-01-28 13:37:00,2,689.5699999999998,315,2,689.5699999999998,2,2,3,2,Hibernating,689.5699999999998,21.0,689.5699999999998
13799,2010-03-01,2010-03-05 16:39:00,2011-08-15 12:07:00,9,2803.5699999999997,116,9,2803.5699999999997,3,5,4,4,Loyal,688.8599999999999,34.5,688.8599999999999
17874,2011-03-01,2011-03-29 11:25:00,2011-06-07 12:54:00,6,683.46,185,6,683.46,3,4,3,4,Loyal,683.46,0.0,683.46
16872,2010-09-01,2010-09-02 17:36:00,2011-09-23 16:05:00,6,1213.13,77,6,1213.13,3,4,4,4,Loyal,680.02,28.0,680.02
13925,2011-07-01,2011-07-28 12:09:00,2011-09-08 12:47:00,4,678.25,92,4,678.25,3,3,3,3,Loyal,678.25,13.0,678.25
17994,2010-03-01,2010-03-29 10:37:00,2011-08-10 11:41:00,11,2264.0299999999997,121,11,2264.0299999999997,3,5,4,4,Loyal,674.8899999999999,38.5,674.8899999999999
13951,2011-02-01,2011-02-18 15:21:00,2011-06-16 16:43:00,3,674.45,176,3,674.45,3,3,3,3,Loyal,674.45,58.5,674.45
15643,2011-03-01,2011-03-02 14:34:00,2011-06-01 07:38:00,3,664.0,191,3,664.0,2,3,3,3,At Risk,664.0,45.0,664.0
16696,2011-04-01,2011-04-05 15:20:00,2011-07-27 14:23:00,4,657.9,135,4,657.9,3,4,3,4,Loyal,657.9,34.0,657.9
18121,2011-07-01,2011-07-08 12:14:00,2011-07-13 12:53:00,2,653.3000000000001,149,2,653.3000000000001,3,3,3,3,Loyal,653.3000000000001,5.0,653.3000000000001
15205,2011-08-01,2011-08-04 16:07:00,2011-09-15 19:36:00,2,653.24,85,2,653.24,3,2,3,2,Need Attention,653.24,42.0,653.24
14548,2009-12-01,2009-12-06 14:00:00,2011-07-12 12:19:00,9,2541.29,150,9,2541.29,3,5,4,4,Loyal,652.8,62.5,652.8
14855,2010-04-01,2010-04-08 10:30:00,2011-08-12 14:02:00,7,6520.300000000001,119,7,6520.300000000001,3,4,5,4,Loyal,645.65,24.0,645.65
17312,2011-07-01,2011-07-03 13:12:00,2011-07-24 11:52:00,3,644.3,138,3,644.3,3,3,3,3,Loyal,644.3,10.0,644.3
18218,2010-02-01,2010-02-17 15:11:00,2011-05-12 12:53:00,4,1121.8400000000001,211,4,1121.8400000000001,2,4,3,4,At Risk – High Value,641.9200000000001,70.0,641.9200000000001
15648,2011-03-01,2011-03-17 18:59:00,2011-05-19 15:53:00,2,639.5,204,2,639.5,2,2,3,2,Hibernating,639.5,62.0,639.5
13564,2009-12-01,2009-12-02 11:55:00,2010-12-20 16:50:00,36,15880.220000000001,354,36,15880.220000000001,2,5,5,5,At Risk – High Value,637.9799999999998,9.0,637.9799999999998
15829,2011-07-01,2011-07-22 10:23:00,2011-09-01 16:45:00,2,636.1400000000001,99,2,636.1400000000001,3,2,3,2,Need Attention,636.1400000000001,41.0,636.1400000000001
16725,2009-12-01,2009-12-13 15:54:00,2011-02-10 16:52:00,13,1686.8099999999997,302,13,1686.8099999999997,2,5,4,4,At Risk – High Value,634.67,12.0,634.67
14220,2010-05-01,2010-05-19 13:26:00,2011-04-06 13:23:00,4,1515.0,247,4,1515.0,2,3,4,4,At Risk – High Value,632.4000000000001,110.0,632.4000000000001
18183,2011-03-01,2011-03-10 10:08:00,2011-04-26 15:26:00,2,632.07,227,2,632.07,2,3,3,3,At Risk,632.07,47.0,632.07
14021,2010-04-01,2010-04-26 11:22:00,2011-07-07 15:46:00,7,1716.58,155,7,1716.58,3,4,4,4,Loyal,631.9,53.5,631.9
17990,2009-12-01,2009-12-07 15:19:00,2011-04-17 11:44:00,6,1527.6100000000001,236,6,1527.6100000000001,2,4,4,4,At Risk – High Value,630.84,116.0,630.84
15402,2010-04-01,2010-04-27 12:12:00,2011-07-14 12:17:00,6,1830.1200000000003,148,6,1830.1200000000003,3,4,4,4,Loyal,626.3499999999999,60.0,626.3499999999999
16431,2011-02-01,2011-02-15 14:02:00,2011-05-10 14:09:00,3,623.28,213,3,623.28,2,3,3,3,At Risk,623.28,42.0,623.28
15258,2011-05-01,2011-05-06 14:16:00,2011-06-24 12:30:00,2,623.1600000000001,168,2,623.1600000000001,3,2,3,2,Need Attention,623.1600000000001,48.0,623.1600000000001
15182,2010-02-01,2010-02-21 12:03:00,2011-07-08 13:37:00,11,2998.95,154,11,2998.95,3,5,5,5,Loyal,622.8500000000001,56.5,622.8500000000001
15768,2009-12-01,2009-12-03 12:10:00,2011-08-16 10:48:00,34,15308.890000000001,115,34,15308.890000000001,3,5,5,5,Loyal,621.8299999999999,7.0,621.8299999999999
16268,2011-09-01,2011-09-29 18:30:00,2011-09-29 18:30:00,2,617.65,71,2,617.65,3,2,3,2,Need Attention,617.65,0.0,617.65
14377,2011-03-01,2011-03-22 13:38:00,2011-06-01 13:32:00,2,617.05,191,2,617.05,2,2,3,2,Hibernating,617.05,70.0,617.05
14905,2009-12-01,2009-12-03 14:36:00,2011-07-05 12:41:00,8,1971.39,157,8,1971.39,3,4,4,4,Loyal,616.15,76.0,616.15
15232,2011-07-01,2011-07-22 12:21:00,2011-08-18 16:27:00,2,612.06,113,2,612.06,3,2,3,2,Need Attention,612.06,27.0,612.06
13731,2011-04-01,2011-04-07 10:10:00,2011-05-04 14:33:00,2,610.5899999999999,219,2,610.5899999999999,2,2,3,2,Hibernating,610.5899999999999,27.0,610.5899999999999
15795,2010-01-01,2010-01-18 11:31:00,2011-07-13 10:43:00,8,1979.8700000000001,149,8,1979.8700000000001,3,4,4,4,Loyal,610.0100000000001,27.0,610.0100000000001
13357,2010-03-01,2010-03-22 14:30:00,2011-03-27 13:56:00,5,3795.010000000001,257,5,3795.010000000001,2,4,5,4,At Risk – High Value,609.4,66.0,609.4
13933,2011-07-01,2011-07-14 13:35:00,2011-08-22 14:03:00,2,608.79,109,2,608.79,3,2,3,2,Need Attention,608.79,39.0,608.79
17849,2010-03-01,2010-03-14 15:17:00,2011-05-05 13:46:00,8,1063.7600000000002,218,8,1063.7600000000002,2,5,3,4,At Risk – High Value,605.8,45.0,605.8
17507,2011-02-01,2011-02-03 18:08:00,2011-03-23 11:48:00,2,605.5799999999999,261,2,605.5799999999999,2,3,3,3,At Risk,605.5799999999999,47.0,605.5799999999999
17905,2010-01-01,2010-01-28 17:54:00,2011-09-29 17:33:00,13,2168.37,71,13,2168.37,3,5,4,4,Loyal,598.49,34.5,598.49
15381,2010-05-01,2010-05-05 14:35:00,2011-05-10 11:55:00,5,1890.5700000000002,213,5,1890.5700000000002,2,4,4,4,At Risk – High Value,596.85,85.5,596.85
14965,2011-09-01,2011-09-04 13:15:00,2011-09-04 13:20:00,2,596.0899999999999,96,2,596.0899999999999,3,2,2,2,Need Attention,596.0899999999999,0.0,596.0899999999999
18232,2011-05-01,2011-05-26 16:30:00,2011-09-19 11:49:00,4,592.97,81,4,592.97,3,4,2,3,Loyal,592.97,35.0,592.97
14692,2010-04-01,2010-04-01 14:04:00,2011-07-25 15:08:00,12,1715.1399999999999,137,12,1715.1399999999999,3,5,4,4,Loyal,591.55,42.0,591.55
13452,2010-08-01,2010-08-24 09:53:00,2011-03-25 14:19:00,3,729.8,259,3,729.8,2,3,3,3,At Risk,590.0,106.5,590.0
15624,2011-03-01,2011-03-28 13:32:00,2011-08-15 11:38:00,4,588.13,116,4,588.13,3,3,2,2,Need Attention,588.13,49.0,588.13
17890,2010-12-01,2010-12-13 15:12:00,2011-01-21 11:19:00,2,586.8900000000001,322,2,586.8900000000001,2,3,2,2,Hibernating,586.8900000000001,38.0,586.8900000000001
13243,2010-03-01,2010-03-18 13:10:00,2011-05-20 13:14:00,5,1220.38,203,5,1220.38,2,4,4,4,At Risk – High Value,585.1200000000001,90.5,585.1200000000001
15222,2009-12-01,2009-12-16 13:49:00,2011-01-25 08:03:00,11,3550.91,318,11,3550.91,2,5,5,5,At Risk – High Value,585.0,22.0,585.0
16072,2010-06-01,2010-06-08 16:47:00,2011-02-24 14:32:00,4,4180.090000000004,288,4,4180.090000000004,2,4,5,4,At Risk – High Value,584.3199999999999,120.0,584.3199999999999
15762,2011-09-01,2011-09-23 15:17:00,2011-10-05 16:15:00,2,583.75,65,2,583.75,3,2,2,2,Need Attention,583.75,12.0,583.75
18095,2010-04-01,2010-04-19 14:09:00,2011-01-31 12:50:00,5,2303.09,312,5,2303.09,2,4,4,4,At Risk – High Value,580.05,57.0,580.05
13368,2010-10-01,2010-10-12 10:43:00,2011-03-28 09:59:00,4,1021.5,256,4,1021.5,2,3,3,3,At Risk,573.4,77.0,573.4
15716,2009-12-01,2009-12-07 12:42:00,2011-07-17 11:59:00,11,2482.74,145,11,2482.74,3,5,4,4,Loyal,571.7099999999999,48.5,571.7099999999999
13321,2011-09-01,2011-09-14 15:18:00,2011-09-28 15:24:00,2,567.3599999999999,72,2,567.3599999999999,3,2,2,2,Need Attention,567.3599999999999,14.0,567.3599999999999
16306,2010-10-01,2010-10-01 09:36:00,2011-05-10 12:12:00,7,1124.7199999999998,213,7,1124.7199999999998,2,4,3,4,At Risk – High Value,564.17,32.5,564.17
13044,2010-01-01,2010-01-08 14:46:00,2011-02-21 15:20:00,11,4848.05,291,11,4848.05,2,5,5,5,At Risk – High Value,560.4700000000001,23.0,560.4700000000001
17955,2010-02-01,2010-02-12 16:27:00,2011-05-25 12:00:00,6,949.8999999999999,198,6,949.8999999999999,2,4,3,4,At Risk – High Value,557.3,9.0,557.3
14891,2010-09-01,2010-09-29 12:41:00,2011-07-14 18:08:00,4,1106.73,148,4,1106.73,3,3,3,3,Loyal,554.38,39.0,554.38
17460,2010-01-01,2010-01-22 13:25:00,2011-09-06 15:04:00,16,2157.9700000000003,94,16,2157.9700000000003,3,5,4,4,Loyal,552.13,34.0,552.13
17265,2011-06-01,2011-06-12 12:00:00,2011-07-24 10:49:00,2,550.0099999999999,138,2,550.0099999999999,3,3,2,2,Need Attention,550.0099999999999,41.0,550.0099999999999
14177,2010-02-01,2010-02-26 11:59:00,2011-09-14 15:11:00,13,2209.69,86,13,2209.69,3,5,4,4,Loyal,549.46,12.0,549.46
14344,2010-03-01,2010-03-23 15:47:00,2011-08-04 13:51:00,20,2993.05,127,20,2993.05,3,5,5,5,Loyal,549.2800000000001,19.0,549.2800000000001
16230,2011-05-01,2011-05-03 15:12:00,2011-06-03 10:06:00,2,542.03,189,2,542.03,2,2,2,2,Hibernating,542.03,30.0,542.03
13874,2010-02-01,2010-02-04 18:39:00,2010-12-16 18:20:00,7,2049.15,358,7,2049.15,2,4,4,4,At Risk – High Value,540.45,39.0,540.45
12743,2011-07-01,2011-07-28 16:06:00,2011-07-28 16:21:00,2,540.1299999999999,134,2,540.1299999999999,3,2,2,2,Need Attention,540.1299999999999,0.0,540.1299999999999
13217,2010-02-01,2010-02-22 12:49:00,2011-08-09 15:32:00,4,666.48,122,4,666.48,3,3,3,3,Loyal,533.98,24.0,533.98
12410,2010-07-01,2010-07-25 13:26:00,2011-02-04 10:39:00,3,773.71,308,3,773.71,2,3,3,3,At Risk,533.3299999999999,96.5,533.3299999999999
15433,2011-03-01,2011-03-17 14:12:00,2011-05-10 10:45:00,2,533.3,213,2,533.3,2,2,2,2,Hibernating,533.3,53.0,533.3
14002,2011-07-01,2011-07-06 14:59:00,2011-07-28 15:55:00,2,529.73,134,2,529.73,3,2,2,2,Need Attention,529.73,22.0,529.73
12559,2011-01-01,2011-01-24 10:12:00,2011-02-02 09:49:00,2,525.7099999999999,310,2,525.7099999999999,2,2,2,2,Hibernating,525.7099999999999,8.0,525.7099999999999
17429,2010-10-01,2010-10-06 12:30:00,2011-08-03 13:22:00,5,1357.46,128,5,1357.46,3,4,4,4,Loyal,524.92,44.5,524.92
13811,2011-04-01,2011-04-14 18:40:00,2011-06-09 09:54:00,2,519.75,183,2,519.75,3,2,2,2,Need Attention,519.75,55.0,519.75
16650,2010-07-01,2010-07-08 14:18:00,2011-09-29 09:51:00,7,1916.1100000000001,71,7,1916.1100000000001,3,4,4,4,Loyal,518.4200000000001,23.0,518.4200000000001
17454,2010-01-01,2010-01-15 15:40:00,2011-05-31 13:58:00,10,1547.94,192,10,1547.94,2,5,4,4,At Risk – High Value,517.53,51.0,517.53
13005,2010-09-01,2010-09-08 12:52:00,2011-06-19 10:53:00,4,999.68,173,4,999.68,3,3,3,3,Loyal,513.7,72.0,513.7
13963,2010-04-01,2010-04-21 16:20:00,2011-02-04 14:43:00,17,2860.57,308,17,2860.57,2,5,4,4,At Risk – High Value,513.24,17.5,513.24
17391,2011-06-01,2011-06-28 12:21:00,2011-06-29 09:58:00,2,508.8,163,2,508.8,3,3,2,2,Need Attention,508.8,0.0,508.8
13885,2011-05-01,2011-05-23 08:52:00,2011-06-03 15:07:00,2,506.80000000000007,189,2,506.80000000000007,2,2,2,2,Hibernating,506.80000000000007,11.0,506.80000000000007
17630,2011-04-01,2011-04-21 14:03:00,2011-06-23 11:58:00,2,503.5999999999999,169,2,503.5999999999999,3,3,2,2,Need Attention,503.5999999999999,62.0,503.5999999999999
15535,2010-09-01,2010-09-16 20:04:00,2011-06-19 16:02:00,6,1044.37,173,6,1044.37,3,4,3,4,Loyal,502.8999999999999,63.0,502.8999999999999
15881,2010-12-01,2010-12-10 13:32:00,2011-01-31 16:59:00,5,501.39,312,5,501.39,2,4,2,3,At Risk,501.39000000000004,1.0,501.39000000000004
12866,2010-07-01,2010-07-25 11:37:00,2011-03-01 14:11:00,3,1092.35,283,3,1092.35,2,3,3,3,At Risk,499.11999999999995,109.0,499.11999999999995
13493,2011-02-01,2011-02-25 16:42:00,2011-03-09 15:35:00,2,498.63,275,2,498.63,2,2,2,2,Hibernating,498.63,11.0,498.63
14081,2009-12-01,2009-12-10 18:27:00,2011-02-10 16:17:00,10,4867.569999999999,302,10,4867.569999999999,2,5,5,5,At Risk – High Value,498.09999999999985,32.0,498.09999999999985
17374,2010-11-01,2010-11-09 17:14:00,2011-05-05 09:05:00,3,727.11,218,3,727.11,2,3,3,3,At Risk,495.77000000000004,87.5,495.77000000000004
16546,2010-09-01,2010-09-23 15:43:00,2011-02-22 11:20:00,5,5307.07,290,5,5307.07,2,4,5,4,At Risk – High Value,487.75,34.0,487.75
12601,2010-10-01,2010-10-31 10:57:00,2011-06-03 10:17:00,6,573.26,189,6,573.26,2,4,2,3,At Risk,487.06,49.0,487.06
14958,2009-12-01,2009-12-03 16:02:00,2011-07-15 14:20:00,6,941.99,147,6,941.99,3,4,3,4,Loyal,483.72999999999996,60.0,483.72999999999996
14450,2010-04-01,2010-04-08 12:09:00,2011-06-12 10:46:00,7,1128.44,180,7,1128.44,3,4,3,4,Loyal,483.25,60.0,483.25
16603,2011-09-01,2011-09-09 13:02:00,2011-09-26 10:06:00,2,482.47,74,2,482.47,3,2,2,2,Need Attention,482.47,16.0,482.47
14130,2009-12-01,2009-12-11 16:33:00,2011-01-24 16:05:00,4,1858.7700000000004,319,4,1858.7700000000004,2,3,4,4,At Risk – High Value,480.90999999999997,55.0,480.90999999999997
16812,2010-11-01,2010-11-22 14:36:00,2010-12-14 12:35:00,4,2392.0,360,4,2392.0,2,4,4,4,At Risk – High Value,479.3500000000001,3.0,479.3500000000001
15589,2011-02-01,2011-02-02 10:46:00,2011-03-29 09:54:00,3,478.53,255,3,478.53,2,3,2,2,Hibernating,478.53,27.0,478.53
15780,2010-12-01,2010-12-17 11:43:00,2011-06-09 12:01:00,3,475.28000000000003,183,3,475.28000000000003,3,3,2,2,Need Attention,475.28000000000003,86.5,475.28000000000003
14431,2010-01-01,2010-01-21 10:49:00,2011-02-10 10:40:00,4,2614.2000000000003,302,4,2614.2000000000003,2,3,4,4,At Risk – High Value,470.35999999999996,76.0,470.35999999999996
15349,2011-06-01,2011-06-05 15:46:00,2011-07-04 16:06:00,2,463.9099999999999,158,2,463.9099999999999,3,2,2,2,Need Attention,463.9099999999999,29.0,463.9099999999999
14331,2011-07-01,2011-07-27 15:14:00,2011-08-07 13:17:00,2,462.65999999999997,124,2,462.65999999999997,3,2,2,2,Need Attention,462.65999999999997,10.0,462.65999999999997
12811,2010-10-01,2010-10-08 12:20:00,2011-03-23 10:55:00,4,893.9000000000001,261,4,893.9000000000001,2,3,3,3,At Risk,458.85,48.0,458.85
15353,2009-12-01,2009-12-02 11:33:00,2011-03-30 12:15:00,7,2794.4700000000003,254,7,2794.4700000000003,2,4,4,4,At Risk – High Value,458.46999999999997,70.5,458.46999999999997
12999,2011-04-01,2011-04-08 10:26:00,2011-05-27 13:24:00,3,455.87999999999994,196,3,455.87999999999994,2,3,2,2,Hibernating,455.87999999999994,24.0,455.87999999999994
16529,2010-06-01,2010-06-27 13:29:00,2011-06-02 17:23:00,4,1986.8000000000002,190,4,1986.8000000000002,2,4,4,4,At Risk – High Value,455.25,29.0,455.25
13485,2009-12-01,2009-12-03 13:46:00,2011-04-20 13:58:00,11,3015.2200000000003,233,11,3015.2200000000003,2,5,5,5,At Risk – High Value,454.24,31.0,454.24
13489,2011-02-01,2011-02-18 10:42:00,2011-08-26 13:16:00,4,449.52000000000004,105,4,449.52000000000004,3,3,2,2,Need Attention,449.52,52.0,449.52
17370,2011-06-01,2011-06-23 11:50:00,2011-09-28 10:14:00,4,446.17999999999995,72,4,446.17999999999995,3,4,2,3,Loyal,446.17999999999995,11.0,446.17999999999995
15581,2009-12-01,2009-12-02 12:19:00,2011-07-06 14:04:00,34,4505.16,156,34,4505.16,3,5,5,5,Loyal,445.09,7.0,445.09
12414,2010-09-01,2010-09-02 12:22:00,2011-05-06 14:51:00,4,532.4100000000001,217,4,532.4100000000001,2,3,2,2,Hibernating,442.41,82.0,442.41
16034,2010-10-01,2010-10-26 13:00:00,2011-05-27 16:17:00,6,911.3199999999999,196,6,911.3199999999999,2,4,3,4,At Risk – High Value,437.7,12.0,437.7
15456,2009-12-01,2009-12-08 12:54:00,2011-03-01 13:51:00,10,2091.5200000000004,283,10,2091.5200000000004,2,5,4,4,At Risk – High Value,434.59,43.0,434.59
15230,2011-04-01,2011-04-13 11:04:00,2011-04-14 14:39:00,2,429.6,239,2,429.6,2,2,2,2,Hibernating,429.6,1.0,429.6
15976,2010-06-01,2010-06-06 14:01:00,2011-06-27 13:00:00,6,1680.3099999999995,165,6,1680.3099999999995,3,4,4,4,Loyal,427.63999999999993,55.0,427.63999999999993
17525,2010-10-01,2010-10-07 09:12:00,2010-12-15 12:05:00,3,1161.9,359,3,1161.9,2,3,3,3,At Risk,422.70000000000005,34.5,422.70000000000005
16689,2011-09-01,2011-09-18 13:29:00,2011-09-25 11:39:00,2,422.59999999999997,75,2,422.59999999999997,3,2,2,2,Need Attention,422.59999999999997,6.0,422.59999999999997
18106,2010-01-01,2010-01-15 11:36:00,2011-01-14 12:23:00,6,1441.0599999999997,329,6,1441.0599999999997,2,4,4,4,At Risk – High Value,421.8999999999999,44.0,421.8999999999999
15361,2010-06-01,2010-06-14 13:27:00,2010-12-13 09:52:00,4,689.0700000000002,361,4,689.0700000000002,2,3,3,3,At Risk,418.9200000000001,9.0,418.9200000000001
13615,2010-01-01,2010-01-28 15:43:00,2011-01-25 08:21:00,8,6272.530000000001,318,8,6272.530000000001,2,4,5,4,At Risk – High Value,417.6900000000001,58.0,417.6900000000001
14176,2010-11-01,2010-11-23 13:21:00,2011-02-15 13:12:00,5,756.46,297,5,756.46,2,4,3,4,At Risk – High Value,417.35,21.0,417.35
13166,2010-10-01,2010-10-21 14:29:00,2011-03-01 15:16:00,2,875.9300000000001,283,2,875.9300000000001,2,2,3,2,Hibernating,417.19999999999993,131.0,417.19999999999993
16816,2010-12-01,2010-12-16 17:01:00,2011-08-28 14:16:00,4,417.06000000000006,103,4,417.06000000000006,3,4,2,3,Loyal,417.06,46.0,417.06
16957,2011-03-01,2011-03-03 09:25:00,2011-04-14 13:56:00,2,416.64,239,2,416.64,2,3,2,2,Hibernating,416.64,42.0,416.64
13085,2009-12-01,2009-12-01 07:45:00,2011-07-05 12:11:00,8,2433.28,157,8,2433.28,3,4,4,4,Loyal,416.08000000000004,2.0,416.08000000000004
14620,2011-03-01,2011-03-01 08:30:00,2011-05-18 11:58:00,2,412.78,205,2,412.78,2,2,2,2,Hibernating,412.78,78.0,412.78
15523,2009-12-01,2009-12-02 15:16:00,2011-09-16 16:29:00,16,17259.19,84,16,17259.19,3,5,5,5,Loyal,412.00999999999993,19.0,412.00999999999993
17392,2010-09-01,2010-09-15 16:17:00,2011-02-06 12:48:00,3,579.9200000000001,306,3,579.9200000000001,2,3,2,2,Hibernating,411.27000000000004,71.5,411.27000000000004
15695,2010-01-01,2010-01-27 10:56:00,2011-03-18 08:32:00,4,1131.0400000000002,266,4,1131.0400000000002,2,3,3,3,At Risk,409.9800000000001,83.0,409.9800000000001
14048,2010-11-01,2010-11-22 14:08:00,2011-02-07 14:53:00,3,748.6899999999998,305,3,748.6899999999998,2,3,3,3,At Risk,409.9299999999999,38.5,409.9299999999999
16629,2011-09-01,2011-09-04 16:12:00,2011-09-27 10:34:00,2,408.62999999999994,73,2,408.62999999999994,3,2,2,2,Need Attention,408.62999999999994,22.0,408.62999999999994
16324,2011-06-01,2011-06-15 14:26:00,2011-08-03 12:58:00,3,408.5899999999999,128,3,408.5899999999999,3,3,2,2,Need Attention,408.5899999999999,24.0,408.5899999999999
17931,2010-02-01,2010-02-16 15:47:00,2011-07-28 18:33:00,14,3402.24,134,14,3402.24,3,5,5,5,Loyal,408.36,18.0,408.36
16947,2010-03-01,2010-03-03 10:54:00,2011-04-18 09:38:00,4,946.7100000000002,235,4,946.7100000000002,2,4,3,4,At Risk – High Value,406.48000000000013,98.0,406.48000000000013
14616,2010-06-01,2010-06-09 09:42:00,2011-04-11 09:54:00,5,527.78,242,5,527.78,2,4,2,3,At Risk,406.08000000000004,54.0,406.08000000000004
15938,2010-06-01,2010-06-01 09:42:00,2011-08-19 12:56:00,9,734.81,112,9,734.81,3,5,3,4,Loyal,404.58000000000004,47.0,404.58000000000004
16484,2011-06-01,2011-06-02 10:39:00,2011-06-19 12:06:00,2,404.29999999999995,173,2,404.29999999999995,3,2,2,2,Need Attention,404.29999999999995,17.0,404.29999999999995
17375,2010-10-01,2010-10-04 09:14:00,2011-05-24 15:45:00,4,660.55,199,4,660.55,2,4,3,4,At Risk – High Value,400.09999999999997,70.0,400.09999999999997
12802,2010-05-01,2010-05-25 09:34:00,2011-06-06 09:36:00,5,2186.4200000000005,186,5,2186.4200000000005,3,4,4,4,Loyal,397.58,47.5,397.58
14600,2010-11-01,2010-11-11 15:56:00,2011-02-07 09:48:00,2,865.1699999999998,305,2,865.1699999999998,2,2,3,2,Hibernating,393.3299999999999,87.0,393.3299999999999
16010,2010-10-01,2010-10-24 10:54:00,2011-04-08 10:14:00,11,1694.8600000000001,245,11,1694.8600000000001,2,5,4,4,At Risk – High Value,392.4,5.5,392.4
12982,2010-04-01,2010-04-12 13:50:00,2011-04-11 11:51:00,8,2744.81,242,8,2744.81,2,4,4,4,At Risk – High Value,390.53999999999996,27.0,390.53999999999996
18024,2011-07-01,2011-07-10 12:28:00,2011-07-10 12:40:00,2,389.78000000000003,152,2,389.78000000000003,3,3,2,2,Need Attention,389.78000000000003,0.0,389.78000000000003
13856,2010-03-01,2010-03-30 15:40:00,2011-06-24 10:03:00,11,1142.0300000000002,168,11,1142.0300000000002,3,5,3,4,Loyal,388.5,19.5,388.5
17438,2010-03-01,2010-03-08 16:53:00,2011-03-31 10:26:00,5,1422.77,253,5,1422.77,2,4,4,4,At Risk – High Value,388.45000000000005,92.0,388.45000000000005
17508,2009-12-01,2009-12-07 11:46:00,2011-03-04 08:10:00,8,4579.23,280,8,4579.23,2,5,5,5,At Risk – High Value,387.31,53.0,387.31
14114,2010-04-01,2010-04-12 11:07:00,2011-03-11 09:42:00,7,1364.09,273,7,1364.09,2,4,4,4,At Risk – High Value,386.53000000000003,59.0,386.53000000000003
14779,2011-01-01,2011-01-20 12:04:00,2011-03-04 12:42:00,3,386.15,280,3,386.15,2,3,2,2,Hibernating,386.15,21.5,386.15
18085,2010-03-01,2010-03-21 11:57:00,2011-01-13 15:17:00,4,1341.8500000000001,330,4,1341.8500000000001,2,4,4,4,At Risk – High Value,386.04999999999995,43.0,386.04999999999995
15424,2010-09-01,2010-09-02 17:17:00,2011-03-30 13:02:00,3,597.7800000000001,254,3,597.7800000000001,2,3,2,2,Hibernating,383.34000000000003,104.0,383.34000000000003
17239,2010-07-01,2010-07-01 10:53:00,2011-01-31 09:41:00,4,1189.45,312,4,1189.45,2,4,3,4,At Risk – High Value,382.50000000000006,74.0,382.50000000000006
17138,2010-02-01,2010-02-04 14:19:00,2011-03-09 11:54:00,7,4417.27,275,7,4417.27,2,4,5,4,At Risk – High Value,380.5,49.0,380.5
12493,2011-05-01,2011-05-26 14:53:00,2011-06-27 10:17:00,2,379.74,165,2,379.74,3,2,2,2,Need Attention,379.74,31.0,379.74
16654,2010-04-01,2010-04-06 13:29:00,2011-07-21 15:23:00,8,1484.0700000000002,141,8,1484.0700000000002,3,5,4,4,Loyal,373.87,54.0,373.87
12591,2010-10-01,2010-10-27 10:42:00,2011-01-26 14:35:00,3,1114.9499999999998,317,3,1114.9499999999998,2,3,3,3,At Risk,368.84999999999985,45.5,368.84999999999985
17765,2010-09-01,2010-09-17 12:45:00,2011-07-04 12:41:00,4,524.0000000000001,158,4,524.0000000000001,3,4,2,3,Loyal,367.63000000000005,52.0,367.63000000000005
16499,2010-06-01,2010-06-11 12:22:00,2010-12-14 13:31:00,8,2578.34,360,8,2578.34,2,5,4,4,At Risk – High Value,365.45,17.0,365.45
16202,2009-12-01,2009-12-02 10:48:00,2010-12-14 10:43:00,9,2501.99,360,9,2501.99,2,5,4,4,At Risk – High Value,365.27000000000004,37.0,365.27000000000004
16378,2011-02-01,2011-02-02 12:42:00,2011-04-06 15:07:00,3,362.94999999999993,247,3,362.94999999999993,2,3,2,2,Hibernating,362.95,31.0,362.95
13291,2010-02-01,2010-02-11 18:36:00,2011-07-07 10:36:00,11,3270.79,155,11,3270.79,3,5,5,5,Loyal,361.10999999999996,31.0,361.10999999999996
17358,2010-02-01,2010-02-24 16:42:00,2011-02-09 16:57:00,5,861.0099999999999,303,5,861.0099999999999,2,4,3,4,At Risk – High Value,360.81,43.5,360.81
16823,2009-12-01,2009-12-02 09:57:00,2011-04-26 15:00:00,7,2243.0899999999997,227,7,2243.0899999999997,2,4,4,4,At Risk – High Value,358.37999999999994,70.0,358.37999999999994
13976,2010-02-01,2010-02-09 13:08:00,2011-05-17 09:13:00,4,1192.3600000000001,206,4,1192.3600000000001,2,3,3,3,At Risk,357.9800000000001,83.0,357.9800000000001
12793,2010-11-01,2010-11-03 13:05:00,2011-01-09 12:12:00,3,745.53,334,3,745.53,2,3,3,3,At Risk,357.68,33.0,357.68
17742,2009-12-01,2009-12-01 13:16:00,2011-08-18 15:28:00,11,2098.48,113,11,2098.48,3,5,4,4,Loyal,355.11,45.0,355.11
12888,2011-03-01,2011-03-29 14:31:00,2011-05-09 16:02:00,2,354.12,214,2,354.12,2,2,2,2,Hibernating,354.12,41.0,354.12
12845,2011-02-01,2011-02-22 14:10:00,2011-03-17 13:34:00,4,354.09000000000003,267,4,354.09000000000003,2,3,2,2,Hibernating,354.09,2.0,354.09
15789,2010-03-01,2010-03-26 11:21:00,2010-12-16 14:35:00,6,1962.01,358,6,1962.01,2,4,4,4,At Risk – High Value,351.3,61.0,351.3
15885,2010-01-01,2010-01-21 12:47:00,2011-09-07 14:56:00,13,1921.82,93,13,1921.82,3,5,4,4,Loyal,349.34999999999997,33.0,349.34999999999997
13052,2010-02-01,2010-02-23 12:31:00,2011-05-11 14:12:00,7,3118.4800000000005,212,7,3118.4800000000005,2,4,5,4,At Risk – High Value,348.15000000000003,38.5,348.15000000000003
15334,2011-06-01,2011-06-19 13:51:00,2011-07-06 11:22:00,3,347.86999999999995,156,3,347.86999999999995,3,3,2,2,Need Attention,347.87,8.0,347.87
17795,2011-03-01,2011-03-20 12:02:00,2011-06-13 12:36:00,2,342.83000000000004,179,2,342.83000000000004,3,3,2,2,Need Attention,342.83000000000004,85.0,342.83000000000004
16183,2010-10-01,2010-10-28 14:43:00,2011-10-03 14:59:00,4,1077.8100000000002,67,4,1077.8100000000002,3,4,3,4,Loyal,338.7100000000001,6.0,338.7100000000001
15652,2010-08-01,2010-08-11 16:58:00,2011-09-09 14:22:00,5,1405.9399999999998,91,5,1405.9399999999998,3,4,4,4,Loyal,337.74,44.0,337.74
16105,2010-04-01,2010-04-14 13:27:00,2011-04-05 10:13:00,5,2386.19,248,5,2386.19,2,4,4,4,At Risk – High Value,336.96,60.5,336.96
14988,2010-04-01,2010-04-16 13:34:00,2011-05-12 12:05:00,7,2038.65,211,7,2038.65,2,4,4,4,At Risk – High Value,334.54,26.0,334.54
16625,2010-06-01,2010-06-14 11:56:00,2011-03-10 12:50:00,5,1654.0300000000002,274,5,1654.0300000000002,2,4,4,4,At Risk – High Value,333.08000000000004,46.0,333.08000000000004
12891,2010-02-01,2010-02-18 14:32:00,2011-06-07 12:31:00,11,840.5,185,11,840.5,3,5,3,4,Loyal,331.0,34.0,331.0
17862,2010-05-01,2010-05-25 17:22:00,2011-01-20 12:23:00,4,1254.8899999999999,323,4,1254.8899999999999,2,4,4,4,At Risk – High Value,330.9,62.0,330.9
17615,2010-08-01,2010-08-11 12:54:00,2011-08-01 14:06:00,6,721.8,130,6,721.8,3,4,3,4,Loyal,329.6,63.0,329.6
13239,2010-07-01,2010-07-25 13:34:00,2011-03-23 10:25:00,5,1594.69,261,5,1594.69,2,4,4,4,At Risk – High Value,329.56,30.0,329.56
15213,2011-01-01,2011-01-14 11:05:00,2011-01-25 12:21:00,2,328.3499999999999,318,2,328.3499999999999,2,2,2,2,Hibernating,328.3499999999999,11.0,328.3499999999999
14206,2010-11-01,2010-11-02 11:37:00,2011-04-14 16:38:00,3,1185.0100000000002,239,3,1185.0100000000002,2,3,3,3,At Risk,328.1599999999999,81.0,328.1599999999999
14870,2010-01-01,2010-01-25 09:05:00,2011-03-23 10:51:00,6,1838.95,261,6,1838.95,2,4,4,4,At Risk – High Value,327.24999999999994,101.0,327.24999999999994
15574,2010-09-01,2010-09-01 14:37:00,2011-06-15 12:01:00,6,1101.44,177,6,1101.44,3,4,3,4,Loyal,326.59999999999997,43.0,326.59999999999997
14850,2010-05-01,2010-05-20 13:28:00,2011-02-01 11:21:00,7,1770.9599999999998,311,7,1770.9599999999998,2,4,4,4,At Risk – High Value,325.75,0.5,325.75
15944,2009-12-01,2009-12-13 12:57:00,2011-03-08 10:33:00,4,2164.24,276,4,2164.24,2,4,4,4,At Risk – High Value,325.1,117.0,325.1
16685,2011-10-01,2011-10-09 13:44:00,2011-10-09 13:58:00,2,324.24,61,2,324.24,3,2,2,2,Need Attention,324.24,0.0,324.24
16342,2011-06-01,2011-06-13 10:10:00,2011-09-25 14:36:00,4,322.40999999999997,75,4,322.40999999999997,3,4,2,3,Loyal,322.40999999999997,34.0,322.40999999999997
15224,2010-01-01,2010-01-15 16:14:00,2010-12-16 15:02:00,5,871.3599999999999,358,5,871.3599999999999,2,4,3,4,At Risk – High Value,322.08,89.5,322.08
14823,2011-05-01,2011-05-29 12:48:00,2011-06-12 13:12:00,3,321.43,180,3,321.43,3,3,2,2,Need Attention,321.43,6.5,321.43
17229,2011-07-01,2011-07-20 12:38:00,2011-09-04 13:56:00,2,318.76,96,2,318.76,3,3,2,2,Need Attention,318.76,46.0,318.76
17267,2011-08-01,2011-08-04 17:19:00,2011-08-04 17:22:00,2,317.19999999999993,127,2,317.19999999999993,3,3,2,2,Need Attention,317.19999999999993,0.0,317.19999999999993
15257,2010-10-01,2010-10-21 14:03:00,2011-03-01 12:58:00,2,685.9,283,2,685.9,2,2,3,2,Hibernating,317.15,130.0,317.15
16473,2010-11-01,2010-11-30 16:29:00,2011-06-28 09:10:00,4,470.83,164,4,470.83,3,4,2,3,Loyal,316.11,49.0,316.11
16091,2011-05-01,2011-05-25 09:18:00,2011-07-08 08:45:00,2,315.06,154,2,315.06,3,2,2,2,Need Attention,315.06,43.0,315.06
13642,2010-10-01,2010-10-03 12:23:00,2011-05-08 12:34:00,4,472.19999999999993,215,4,472.19999999999993,2,3,2,2,Hibernating,312.28,0.0,312.28
17362,2010-01-01,2010-01-06 10:53:00,2011-04-14 14:43:00,7,1024.04,239,7,1024.04,2,4,3,4,At Risk – High Value,312.23,54.0,312.23
15326,2009-12-01,2009-12-01 13:19:00,2011-01-10 11:38:00,5,1700.52,333,5,1700.52,2,4,4,4,At Risk – High Value,311.71,55.5,311.71
14327,2010-01-01,2010-01-08 14:04:00,2011-06-29 13:58:00,6,1894.93,163,6,1894.93,3,4,4,4,Loyal,311.65000000000003,54.0,311.65000000000003
17854,2009-12-01,2009-12-08 11:13:00,2011-06-07 16:21:00,6,1068.5,185,6,1068.5,3,4,3,4,Loyal,311.26,51.0,311.26
17912,2010-11-01,2010-11-29 13:53:00,2011-02-02 14:25:00,6,371.6000000000001,310,6,371.6000000000001,2,4,2,3,At Risk,310.06000000000006,4.0,310.06000000000006
15661,2010-05-01,2010-05-10 07:59:00,2011-01-26 13:56:00,8,1215.9499999999998,317,8,1215.9499999999998,2,4,4,4,At Risk – High Value,309.79999999999995,33.0,309.79999999999995
17604,2010-01-01,2010-01-27 12:19:00,2011-05-06 13:43:00,6,942.38,217,6,942.38,2,4,3,4,At Risk – High Value,309.36,94.0,309.36
17334,2010-10-01,2010-10-29 12:16:00,2011-02-10 14:59:00,3,635.1500000000001,302,3,635.1500000000001,2,3,3,3,At Risk,307.02000000000004,51.5,307.02000000000004
13762,2010-01-01,2010-01-10 12:13:00,2011-05-05 09:15:00,5,2472.48,218,5,2472.48,2,4,4,4,At Risk – High Value,306.72,43.5,306.72
13718,2011-02-01,2011-02-17 11:58:00,2011-04-07 13:24:00,2,306.55,246,2,306.55,2,2,2,2,Hibernating,306.55,49.0,306.55
15649,2010-11-01,2010-11-17 16:22:00,2011-01-07 13:34:00,4,1660.35,336,4,1660.35,2,3,4,4,At Risk – High Value,306.0,12.0,306.0
13863,2010-04-01,2010-04-25 13:09:00,2011-04-06 10:20:00,4,1239.5500000000002,247,4,1239.5500000000002,2,3,4,4,At Risk – High Value,305.78000000000003,76.0,305.78000000000003
18220,2009-12-01,2009-12-15 11:42:00,2011-04-27 09:03:00,6,1921.7600000000002,226,6,1921.7600000000002,2,4,4,4,At Risk – High Value,305.28000000000003,85.0,305.28000000000003
16217,2011-03-01,2011-03-02 15:28:00,2011-04-18 13:31:00,2,304.25,235,2,304.25,2,2,2,2,Hibernating,304.25,46.0,304.25
14248,2010-07-01,2010-07-12 14:27:00,2011-01-25 14:45:00,3,1032.95,318,3,1032.95,2,3,3,3,At Risk,302.58,98.0,302.58
17094,2010-10-01,2010-10-12 10:48:00,2011-01-21 13:09:00,2,402.19999999999993,322,2,402.19999999999993,2,3,2,2,Hibernating,301.99999999999994,101.0,301.99999999999994
15623,2009-12-01,2009-12-10 14:46:00,2011-07-21 17:26:00,8,2437.05,141,8,2437.05,3,4,4,4,Loyal,301.03,61.0,301.03
13479,2010-08-01,2010-08-19 16:18:00,2011-05-23 10:45:00,4,851.3699999999999,200,4,851.3699999999999,2,3,3,3,At Risk,300.95000000000005,33.0,300.95000000000005
13304,2010-02-01,2010-02-08 12:42:00,2010-12-23 14:35:00,4,1217.99,351,4,1217.99,2,3,4,4,At Risk – High Value,300.4199999999999,104.0,300.4199999999999
12829,2010-06-01,2010-06-07 15:04:00,2011-01-07 11:13:00,3,385.3,336,3,385.3,2,3,2,2,Hibernating,293.0,106.0,293.0
12967,2010-11-01,2010-11-21 11:03:00,2010-12-16 19:10:00,3,2938.5200000000004,358,3,2938.5200000000004,2,3,5,4,At Risk – High Value,292.5,12.0,292.5
15279,2010-02-01,2010-02-02 10:15:00,2010-12-20 10:48:00,5,1580.54,354,5,1580.54,2,4,4,4,At Risk – High Value,290.51,83.0,290.51
16897,2011-01-01,2011-01-30 11:52:00,2011-02-13 15:02:00,2,289.7800000000001,299,2,289.7800000000001,2,3,2,2,Hibernating,289.7800000000001,14.0,289.7800000000001
14549,2009-12-01,2009-12-02 14:06:00,2011-02-01 13:47:00,4,913.5999999999998,311,4,913.5999999999998,2,3,3,3,At Risk,289.2399999999999,143.0,289.2399999999999
17501,2011-05-01,2011-05-03 09:46:00,2011-05-03 09:47:00,2,288.6,220,2,288.6,2,3,2,2,Hibernating,288.6,0.0,288.6
14660,2011-08-01,2011-08-31 10:40:00,2011-09-14 11:34:00,2,285.74,86,2,285.74,3,2,2,2,Need Attention,285.74,14.0,285.74
13259,2010-01-01,2010-01-10 10:26:00,2011-10-09 10:48:00,9,1398.79,61,9,1398.79,3,5,4,4,Loyal,283.1799999999999,27.0,283.1799999999999
14350,2010-10-01,2010-10-05 15:52:00,2011-03-10 14:14:00,3,972.03,274,3,972.03,2,3,3,3,At Risk,282.92999999999995,77.5,282.92999999999995
14242,2011-01-01,2011-01-18 08:53:00,2011-04-19 11:46:00,2,280.54999999999995,234,2,280.54999999999995,2,2,1,2,Hibernating,280.54999999999995,91.0,280.54999999999995
17496,2010-01-01,2010-01-14 13:36:00,2010-12-16 08:39:00,4,1412.89,358,4,1412.89,2,4,4,4,At Risk – High Value,271.04999999999995,67.0,271.04999999999995
12623,2010-01-01,2010-01-12 11:45:00,2011-03-08 13:50:00,7,3315.8399999999997,276,7,3315.8399999999997,2,4,5,4,At Risk – High Value,269.1,51.5,269.1
13533,2011-03-01,2011-03-17 12:47:00,2011-06-10 11:54:00,3,269.09000000000003,182,3,269.09000000000003,3,3,1,2,Need Attention,269.09000000000003,42.0,269.09000000000003
14727,2010-06-01,2010-06-11 13:23:00,2011-03-10 14:45:00,3,461.03000000000003,274,3,461.03000000000003,2,3,2,2,Hibernating,268.58,136.0,268.58
17550,2010-02-01,2010-02-07 15:07:00,2011-05-26 14:09:00,9,2506.6400000000003,197,9,2506.6400000000003,2,5,4,4,At Risk – High Value,267.15999999999997,60.5,267.15999999999997
13837,2011-01-01,2011-01-26 12:15:00,2011-05-12 12:10:00,2,266.59000000000003,211,2,266.59000000000003,2,2,1,2,Hibernating,266.59000000000003,105.0,266.59000000000003
14068,2010-01-01,2010-01-31 10:10:00,2011-01-23 16:02:00,4,1516.7199999999998,320,4,1516.7199999999998,2,3,4,4,At Risk – High Value,265.85,45.0,265.85
15912,2009-12-01,2009-12-10 12:58:00,2011-06-14 14:29:00,9,1074.7,178,9,1074.7,3,5,3,4,Loyal,264.62,47.5,264.62
17708,2010-10-01,2010-10-12 12:13:00,2011-06-05 10:12:00,4,884.1800000000001,187,4,884.1800000000001,2,4,3,4,At Risk – High Value,263.33,78.0,263.33
15646,2010-10-01,2010-10-25 13:06:00,2011-07-05 09:53:00,5,784.81,157,5,784.81,3,4,3,4,Loyal,257.84000000000003,55.5,257.84000000000003
16727,2010-01-01,2010-01-20 10:48:00,2010-12-10 13:48:00,4,1377.77,364,4,1377.77,2,4,4,4,At Risk – High Value,256.32,67.0,256.32
16226,2010-10-01,2010-10-22 11:19:00,2011-05-20 14:41:00,5,672.17,203,5,672.17,2,4,3,4,At Risk – High Value,255.12,31.0,255.12
15261,2010-10-01,2010-10-01 11:59:00,2011-07-27 15:20:00,4,1508.0,135,4,1508.0,3,3,4,4,Loyal,254.82000000000002,35.0,254.82000000000002
15759,2009-12-01,2009-12-02 10:08:00,2011-05-05 15:13:00,7,830.9300000000001,218,7,830.9300000000001,2,4,3,4,At Risk – High Value,253.04000000000002,69.5,253.04000000000002
15346,2010-10-01,2010-10-04 15:11:00,2011-01-11 11:18:00,3,596.12,332,3,596.12,2,3,2,2,Hibernating,252.42000000000004,48.5,252.42000000000004
13711,2009-12-01,2009-12-15 19:04:00,2011-05-05 10:31:00,9,1792.26,218,9,1792.26,2,5,4,4,At Risk – High Value,252.06,35.0,252.06
13512,2010-05-01,2010-05-05 13:22:00,2011-03-24 10:03:00,4,713.39,260,4,713.39,2,3,3,3,At Risk,251.20999999999998,102.0,251.20999999999998
16124,2009-12-01,2009-12-07 10:33:00,2011-01-26 14:45:00,4,1772.49,317,4,1772.49,2,4,4,4,At Risk – High Value,249.0,149.0,249.0
18009,2010-02-01,2010-02-25 11:49:00,2011-04-18 13:36:00,8,2144.23,235,8,2144.23,2,5,4,4,At Risk – High Value,247.39000000000004,25.0,247.39000000000004
17616,2010-09-01,2010-09-14 10:43:00,2011-06-19 10:11:00,4,734.4,173,4,734.4,3,4,3,4,Loyal,244.79999999999998,83.0,244.79999999999998
17062,2010-09-01,2010-09-26 11:57:00,2011-01-30 11:01:00,6,884.71,313,6,884.71,2,4,3,4,At Risk – High Value,243.94,28.0,243.94
16427,2011-02-01,2011-02-28 15:18:00,2011-03-21 17:10:00,2,241.06,263,2,241.06,2,2,1,2,Hibernating,241.06,21.0,241.06
16756,2010-03-01,2010-03-09 15:56:00,2011-05-09 09:33:00,7,1312.37,214,7,1312.37,2,4,4,4,At Risk – High Value,239.4,51.0,239.4
13187,2010-03-01,2010-03-25 17:18:00,2011-01-06 18:57:00,4,328.35999999999996,337,4,328.35999999999996,2,3,2,2,Hibernating,236.01999999999995,0.0,236.01999999999995
14496,2010-03-01,2010-03-16 13:15:00,2011-02-01 09:01:00,7,2363.8899999999994,311,7,2363.8899999999994,2,4,4,4,At Risk – High Value,234.46999999999997,35.0,234.46999999999997
17969,2009-12-01,2009-12-06 13:53:00,2011-06-26 13:00:00,20,2354.29,166,20,2354.29,3,5,4,4,Loyal,228.2,13.0,228.2
17212,2010-08-01,2010-08-10 09:22:00,2011-03-31 19:42:00,3,794.4100000000001,253,3,794.4100000000001,2,3,3,3,At Risk,226.85,116.5,226.85
17194,2010-06-01,2010-06-27 13:16:00,2010-12-14 12:06:00,2,776.6599999999999,360,2,776.6599999999999,2,3,3,3,At Risk,226.78000000000003,169.0,226.78000000000003
16619,2010-02-01,2010-02-22 12:05:00,2011-03-21 08:18:00,4,1938.33,263,4,1938.33,2,4,4,4,At Risk – High Value,226.21,119.0,226.21
15483,2010-01-01,2010-01-24 15:42:00,2011-07-01 13:07:00,10,810.6800000000001,161,10,810.6800000000001,3,5,3,4,Loyal,225.26000000000005,60.0,225.26000000000005
16471,2010-02-01,2010-02-25 10:07:00,2011-03-10 09:41:00,4,1189.98,274,4,1189.98,2,4,3,4,At Risk – High Value,223.95,118.0,223.95
13382,2009-12-01,2009-12-08 09:56:00,2011-03-04 10:03:00,5,1387.58,280,5,1387.58,2,4,4,4,At Risk – High Value,222.99,122.0,222.99
12872,2009-12-01,2009-12-03 20:03:00,2011-01-17 10:52:00,12,3283.96,326,12,3283.96,2,5,5,5,At Risk – High Value,221.44000000000003,38.0,221.44000000000003
15724,2010-11-01,2010-11-04 10:22:00,2011-05-22 14:40:00,3,310.85,201,3,310.85,2,3,2,2,Hibernating,218.25,99.5,218.25
14570,2010-09-01,2010-09-22 13:07:00,2011-03-04 10:58:00,3,512.3999999999999,280,3,512.3999999999999,2,3,2,2,Hibernating,217.20999999999995,81.0,217.20999999999995
12897,2010-06-01,2010-06-14 11:58:00,2011-05-19 12:13:00,4,514.25,204,4,514.25,2,3,2,2,Hibernating,216.5,97.0,216.5
12831,2010-09-01,2010-09-02 15:58:00,2011-03-22 13:02:00,3,451.11,262,3,451.11,2,3,2,2,Hibernating,215.05,100.0,215.05
17580,2010-10-01,2010-10-13 14:28:00,2011-04-01 12:41:00,5,538.07,252,5,538.07,2,4,2,3,At Risk,212.77000000000004,45.0,212.77000000000004
16356,2010-06-01,2010-06-06 11:26:00,2011-05-26 11:51:00,6,415.87000000000006,197,6,415.87000000000006,2,4,2,3,At Risk,211.77,49.0,211.77
14896,2009-12-01,2009-12-06 12:42:00,2011-05-19 10:20:00,8,1825.9999999999998,204,8,1825.9999999999998,2,4,4,4,At Risk – High Value,211.54999999999998,55.0,211.54999999999998
15897,2011-05-01,2011-05-29 13:32:00,2011-05-29 13:50:00,2,208.58999999999997,194,2,208.58999999999997,2,2,1,2,Hibernating,208.58999999999997,0.0,208.58999999999997
16866,2011-07-01,2011-07-01 12:34:00,2011-07-22 10:06:00,3,207.74,140,3,207.74,3,3,1,2,Need Attention,207.74,9.5,207.74
17923,2010-06-01,2010-06-13 13:58:00,2011-03-02 15:15:00,3,497.0,282,3,497.0,2,3,2,2,Hibernating,207.50000000000003,130.5,207.50000000000003
15107,2010-09-01,2010-09-14 10:47:00,2011-02-01 14:46:00,9,824.35,311,9,824.35,2,5,3,4,At Risk – High Value,203.5,12.5,203.5
17889,2010-03-01,2010-03-31 10:54:00,2011-05-11 16:26:00,7,746.4200000000001,212,7,746.4200000000001,2,4,3,4,At Risk – High Value,201.37,33.0,201.37
13295,2010-05-01,2010-05-12 09:13:00,2010-12-15 11:21:00,4,1101.97,359,4,1101.97,2,3,3,3,At Risk,201.2,35.0,201.2
13723,2010-04-01,2010-04-07 14:32:00,2011-05-06 17:04:00,6,1194.08,217,6,1194.08,2,4,3,4,At Risk – High Value,199.85000000000002,50.0,199.85000000000002
16832,2010-09-01,2010-09-07 12:35:00,2011-06-08 15:36:00,5,417.61,184,5,417.61,3,4,2,3,Loyal,199.15,24.0,199.15
17987,2010-06-01,2010-06-07 11:23:00,2011-06-07 14:22:00,5,965.4399999999999,185,5,965.4399999999999,3,4,3,4,Loyal,198.57,81.5,198.57
12450,2010-08-01,2010-08-22 13:11:00,2011-07-06 14:41:00,5,688.2,156,5,688.2,3,4,3,4,Loyal,197.88,37.0,197.88
17843,2010-10-01,2010-10-24 10:56:00,2011-02-09 15:33:00,2,312.65000000000003,303,2,312.65000000000003,2,3,2,2,Hibernating,197.73000000000002,108.0,197.73000000000002
16112,2011-01-01,2011-01-05 11:47:00,2011-07-19 14:28:00,4,195.74,143,4,195.74,3,4,1,2,Need Attention,195.74,11.0,195.74
12402,2010-02-01,2010-02-07 12:41:00,2011-01-20 13:49:00,6,1136.9,323,6,1136.9,2,4,3,4,At Risk – High Value,195.6,69.0,195.6
13497,2010-02-01,2010-02-08 10:27:00,2011-03-02 09:04:00,6,1166.8300000000002,282,6,1166.8300000000002,2,4,3,4,At Risk – High Value,194.55,85.0,194.55
18071,2009-12-01,2009-12-05 10:31:00,2011-03-27 11:59:00,6,1169.6799999999998,257,6,1169.6799999999998,2,4,3,4,At Risk – High Value,194.04999999999998,106.0,194.04999999999998
17343,2009-12-01,2009-12-03 18:30:00,2010-12-19 15:07:00,6,1259.94,355,6,1259.94,2,4,4,4,At Risk – High Value,193.63999999999996,63.0,193.63999999999996
15723,2010-05-01,2010-05-14 12:55:00,2010-12-10 11:12:00,4,930.7000000000002,364,4,930.7000000000002,2,3,3,3,At Risk,190.70000000000005,46.0,190.70000000000005
13033,2010-10-01,2010-10-06 09:37:00,2010-12-17 14:23:00,2,220.54999999999998,357,2,220.54999999999998,2,2,1,2,Hibernating,190.54999999999998,72.0,190.54999999999998
14697,2011-05-01,2011-05-05 15:29:00,2011-05-05 15:39:00,2,188.61,218,2,188.61,2,2,1,2,Hibernating,188.61,0.0,188.61
18013,2011-07-01,2011-07-07 14:08:00,2011-07-07 14:11:00,2,187.29000000000005,155,2,187.29000000000005,3,3,1,2,Need Attention,187.29000000000005,0.0,187.29000000000005
14199,2010-06-01,2010-06-27 12:13:00,2011-05-05 13:44:00,4,1091.6999999999998,218,4,1091.6999999999998,2,3,3,3,At Risk,185.39999999999998,96.0,185.39999999999998
13059,2010-03-01,2010-03-31 12:23:00,2011-04-04 10:40:00,10,2291.77,249,10,2291.77,2,5,4,4,At Risk – High Value,183.4,21.0,183.4
14082,2010-11-01,2010-11-12 11:47:00,2010-12-10 11:02:00,2,413.36,364,2,413.36,2,2,2,2,Hibernating,182.24999999999997,27.0,182.24999999999997
18280,2010-11-01,2010-11-10 15:51:00,2011-03-07 09:52:00,2,488.15,277,2,488.15,2,3,2,2,Hibernating,180.6,116.0,180.6
15139,2011-01-01,2011-01-07 12:44:00,2011-04-14 11:39:00,2,178.96000000000004,239,2,178.96000000000004,2,2,1,2,Hibernating,178.96000000000004,96.0,178.96000000000004
15262,2010-08-01,2010-08-08 15:55:00,2011-01-20 12:16:00,3,418.82000000000005,323,3,418.82000000000005,2,3,2,2,Hibernating,178.95000000000002,81.5,178.95000000000002
13778,2010-05-01,2010-05-23 13:34:00,2011-08-28 15:25:00,4,1124.4900000000002,103,4,1124.4900000000002,3,3,3,3,Loyal,178.7,42.0,178.7
17356,2010-01-01,2010-01-20 12:14:00,2011-02-01 11:07:00,5,946.4699999999999,311,5,946.4699999999999,2,4,3,4,At Risk – High Value,178.21999999999997,49.0,178.21999999999997
17582,2010-03-01,2010-03-26 12:23:00,2011-04-17 13:18:00,5,1446.9499999999998,236,5,1446.9499999999998,2,4,4,4,At Risk – High Value,175.27,69.0,175.27
15100,2010-01-01,2010-01-07 14:33:00,2011-01-10 10:35:00,7,2193.8999999999996,333,7,2193.8999999999996,2,4,4,4,At Risk – High Value,175.2,6.5,175.2
12361,2010-01-01,2010-01-26 14:37:00,2011-02-25 13:51:00,4,451.25,287,4,451.25,2,3,2,2,Hibernating,174.89999999999998,116.0,174.89999999999998
16565,2010-06-01,2010-06-02 12:47:00,2010-12-10 15:21:00,4,773.05,364,4,773.05,2,4,3,4,At Risk – High Value,173.7,68.0,173.7
14693,2010-07-01,2010-07-02 08:28:00,2011-03-20 12:50:00,7,1165.36,264,7,1165.36,2,4,3,4,At Risk – High Value,172.9,21.0,172.9
13922,2010-08-01,2010-08-29 14:36:00,2010-12-23 10:38:00,3,865.1999999999999,351,3,865.1999999999999,2,3,3,3,At Risk,172.24999999999997,57.5,172.24999999999997
15016,2010-06-01,2010-06-14 13:06:00,2011-06-20 12:06:00,5,620.8900000000001,172,5,620.8900000000001,3,4,3,4,Loyal,170.04,75.0,170.04
16405,2011-02-01,2011-02-02 17:08:00,2011-02-10 15:24:00,2,167.25,302,2,167.25,2,2,1,2,Hibernating,167.25,7.0,167.25
13470,2011-08-01,2011-08-16 17:06:00,2011-09-01 14:57:00,2,165.0,99,2,165.0,3,2,1,2,Need Attention,165.0,15.0,165.0
16250,2010-11-01,2010-11-18 10:43:00,2011-03-23 15:07:00,3,565.24,261,3,565.24,2,3,2,2,Hibernating,163.3,62.0,163.3
13223,2010-02-01,2010-02-12 13:27:00,2011-05-23 13:03:00,6,969.12,200,6,969.12,2,4,3,4,At Risk – High Value,163.20000000000002,92.0,163.20000000000002
15325,2010-02-01,2010-02-16 13:30:00,2011-08-28 11:55:00,8,1601.46,103,8,1601.46,3,4,4,4,Loyal,161.7399999999999,46.0,161.7399999999999
12573,2010-08-01,2010-08-31 17:25:00,2011-04-26 15:52:00,5,717.4100000000001,227,5,717.4100000000001,2,4,3,4,At Risk – High Value,160.54,40.0,160.54
13420,2011-06-01,2011-06-22 11:35:00,2011-07-13 08:48:00,2,159.85,149,2,159.85,3,2,1,2,Need Attention,159.85,20.0,159.85
15167,2010-02-01,2010-02-04 14:13:00,2011-01-23 12:41:00,5,1627.62,320,5,1627.62,2,4,4,4,At Risk – High Value,158.79999999999998,61.5,158.79999999999998
17165,2009-12-01,2009-12-11 09:18:00,2011-02-28 16:39:00,6,1794.32,284,6,1794.32,2,4,4,4,At Risk – High Value,158.68,70.0,158.68
15160,2010-10-01,2010-10-14 15:26:00,2010-12-17 14:15:00,4,589.27,357,4,589.27,2,3,2,2,Hibernating,158.16000000000003,20.0,158.16000000000003
13506,2010-09-01,2010-09-05 12:33:00,2011-01-27 13:53:00,5,1338.08,316,5,1338.08,2,4,4,4,At Risk – High Value,157.4,35.0,157.4
15732,2010-02-01,2010-02-04 10:10:00,2011-05-11 14:24:00,10,1543.9699999999998,212,10,1543.9699999999998,2,5,4,4,At Risk – High Value,156.01999999999998,19.0,156.01999999999998
13898,2010-10-01,2010-10-24 15:42:00,2011-01-18 10:28:00,2,686.4000000000001,325,2,686.4000000000001,2,2,3,2,Hibernating,155.93,85.0,155.93
15447,2010-03-01,2010-03-24 14:40:00,2011-01-13 11:26:00,5,492.87999999999994,330,5,492.87999999999994,2,4,2,3,At Risk,155.17,48.5,155.17
13809,2010-09-01,2010-09-05 11:42:00,2011-02-07 13:15:00,3,679.7,305,3,679.7,2,3,3,3,At Risk,155.05,77.0,155.05
16351,2009-12-01,2009-12-04 16:12:00,2011-01-11 10:26:00,13,3330.0299999999997,332,13,3330.0299999999997,2,5,5,5,At Risk – High Value,153.9,26.0,153.9
17714,2010-07-01,2010-07-14 10:41:00,2011-01-23 10:32:00,5,1410.1799999999998,320,5,1410.1799999999998,2,4,4,4,At Risk – High Value,153.0,37.0,153.0
17707,2009-12-01,2009-12-07 12:19:00,2011-06-07 15:03:00,8,609.3,185,8,609.3,3,5,3,4,Loyal,152.4,84.0,152.4
13462,2009-12-01,2009-12-14 09:48:00,2011-04-01 11:20:00,5,1153.85,252,5,1153.85,2,4,3,4,At Risk – High Value,151.5,105.0,151.5
15717,2010-04-01,2010-04-26 10:41:00,2011-04-19 13:21:00,5,607.0,234,5,607.0,2,4,3,4,At Risk – High Value,150.3,65.0,150.3
17946,2011-03-01,2011-03-25 14:34:00,2011-04-20 17:00:00,2,149.57999999999998,233,2,149.57999999999998,2,3,1,2,Hibernating,149.57999999999998,26.0,149.57999999999998
13649,2010-06-01,2010-06-30 16:35:00,2011-03-28 11:51:00,6,1453.6799999999998,256,6,1453.6799999999998,2,4,4,4,At Risk – High Value,148.8,35.0,148.8
17691,2010-06-01,2010-06-11 11:50:00,2010-12-16 17:20:00,4,637.55,358,4,637.55,2,4,3,4,At Risk – High Value,147.89999999999998,30.0,147.89999999999998
15882,2009-12-01,2009-12-10 15:33:00,2011-05-25 11:35:00,8,1122.38,198,8,1122.38,2,4,3,4,At Risk – High Value,145.04,53.0,145.04
17524,2010-09-01,2010-09-27 16:20:00,2010-12-13 14:32:00,3,539.1400000000001,361,3,539.1400000000001,2,3,2,2,Hibernating,145.0,38.0,145.0
16883,2009-12-01,2009-12-04 12:07:00,2011-06-05 12:51:00,19,2246.06,187,19,2246.06,2,5,4,4,At Risk – High Value,144.45,6.0,144.45
17578,2010-06-01,2010-06-28 11:55:00,2011-05-05 18:38:00,7,1047.3300000000002,218,7,1047.3300000000002,2,4,3,4,At Risk – High Value,143.45999999999998,10.5,143.45999999999998
12386,2010-12-01,2010-12-08 09:53:00,2011-01-06 12:37:00,2,401.90000000000003,337,2,401.90000000000003,2,2,2,2,Hibernating,143.0,29.0,143.0
17935,2009-12-01,2009-12-04 14:33:00,2011-07-24 13:18:00,7,683.24,138,7,683.24,3,4,3,4,Loyal,142.89,64.5,142.89
13299,2010-06-01,2010-06-29 11:30:00,2011-03-16 12:55:00,3,1218.6999999999998,268,3,1218.6999999999998,2,3,4,4,At Risk – High Value,142.5,129.5,142.5
13561,2010-02-01,2010-02-28 13:42:00,2011-05-08 12:39:00,11,1803.4,215,11,1803.4,2,5,4,4,At Risk – High Value,141.86,29.5,141.86
14479,2009-12-01,2009-12-06 13:48:00,2011-03-31 09:07:00,4,1124.7099999999998,253,4,1124.7099999999998,2,3,3,3,At Risk,141.85,111.0,141.85
17709,2010-04-01,2010-04-15 14:48:00,2011-06-23 11:55:00,5,671.01,169,5,671.01,3,4,3,4,Loyal,137.45,60.0,137.45
14247,2010-06-01,2010-06-06 15:07:00,2011-03-06 15:21:00,5,753.56,278,5,753.56,2,4,3,4,At Risk – High Value,136.77,59.0,136.77
15174,2010-10-01,2010-10-25 09:40:00,2011-01-21 09:06:00,2,481.46,322,2,481.46,2,2,2,2,Hibernating,135.75,87.0,135.75
12512,2011-10-01,2011-10-04 14:53:00,2011-10-04 14:55:00,2,132.18000000000004,66,2,132.18000000000004,3,2,1,2,Need Attention,132.18000000000004,0.0,132.18000000000004
15889,2009-12-01,2009-12-10 12:21:00,2011-07-06 11:10:00,8,1407.0499999999997,156,8,1407.0499999999997,3,4,4,4,Loyal,132.10000000000002,20.0,132.10000000000002
17897,2010-05-01,2010-05-12 16:03:00,2011-06-20 11:23:00,9,2053.04,172,9,2053.04,3,5,4,4,Loyal,131.14000000000001,16.5,131.14000000000001
16611,2010-03-01,2010-03-10 16:07:00,2011-06-06 15:46:00,6,1785.13,186,6,1785.13,3,4,4,4,Loyal,129.49,76.0,129.49
14962,2010-05-01,2010-05-04 14:57:00,2011-03-14 09:42:00,4,366.91,270,4,366.91,2,3,2,2,Hibernating,126.70000000000002,32.0,126.70000000000002
12817,2010-10-01,2010-10-01 08:57:00,2011-03-03 16:28:00,3,570.98,281,3,570.98,2,3,2,2,Hibernating,126.03999999999999,76.0,126.03999999999999
17223,2010-11-01,2010-11-29 17:19:00,2011-02-02 15:57:00,3,523.04,310,3,523.04,2,3,2,2,Hibernating,124.04999999999998,32.0,124.04999999999998
15917,2009-12-01,2009-12-02 14:55:00,2011-04-06 10:40:00,5,530.1700000000001,247,5,530.1700000000001,2,4,2,3,At Risk,123.10000000000001,65.0,123.10000000000001
14413,2010-01-01,2010-01-19 14:27:00,2010-12-12 13:37:00,3,421.7199999999999,362,3,421.7199999999999,2,3,2,2,Hibernating,121.05,163.0,121.05
13002,2010-10-01,2010-10-01 11:58:00,2011-01-25 15:18:00,3,414.13000000000005,318,3,414.13000000000005,2,3,2,2,Hibernating,120.94999999999999,58.0,120.94999999999999
15266,2010-01-01,2010-01-07 12:19:00,2011-01-05 13:40:00,5,852.21,338,5,852.21,2,4,3,4,At Risk – High Value,119.30000000000001,43.0,119.30000000000001
13581,2010-10-01,2010-10-21 16:30:00,2011-02-03 14:41:00,2,280.53,309,2,280.53,2,2,1,2,Hibernating,117.99999999999999,104.0,117.99999999999999
12651,2010-08-01,2010-08-31 15:21:00,2011-01-09 12:46:00,4,377.75,334,4,377.75,2,3,2,2,Hibernating,114.00000000000003,44.0,114.00000000000003
17900,2011-06-01,2011-06-02 14:28:00,2011-06-02 14:38:00,2,112.19999999999999,190,2,112.19999999999999,2,3,1,2,Hibernating,112.19999999999999,0.0,112.19999999999999
13144,2010-10-01,2010-10-04 14:14:00,2011-01-11 11:15:00,2,135.35,332,2,135.35,2,2,1,2,Hibernating,110.94999999999999,98.0,110.94999999999999
12734,2010-11-01,2010-11-12 13:26:00,2010-12-22 12:47:00,3,603.65,352,3,603.65,2,3,3,3,At Risk,110.39999999999999,19.5,110.39999999999999
16792,2010-01-01,2010-01-04 13:47:00,2011-03-02 14:41:00,5,623.46,282,5,623.46,2,4,3,4,At Risk – High Value,110.38000000000001,108.5,110.38000000000001
13133,2010-09-01,2010-09-06 15:30:00,2011-03-11 10:31:00,3,200.45,273,3,200.45,2,3,1,2,Hibernating,109.8,92.5,109.8
14699,2010-07-01,2010-07-02 12:04:00,2011-05-09 14:54:00,4,702.5999999999999,214,4,702.5999999999999,2,3,3,3,At Risk,109.12999999999998,58.0,109.12999999999998
17639,2010-08-01,2010-08-13 11:59:00,2011-03-08 15:22:00,6,615.1699999999998,276,6,615.1699999999998,2,4,3,4,At Risk – High Value,108.5,8.0,108.5
13226,2010-11-01,2010-11-11 13:46:00,2011-03-11 14:35:00,2,312.46000000000004,273,2,312.46000000000004,2,2,2,2,Hibernating,108.21000000000001,120.0,108.21000000000001
12956,2009-12-01,2009-12-15 19:03:00,2011-02-06 16:08:00,4,521.89,306,4,521.89,2,3,2,2,Hibernating,108.07,38.0,108.07
16757,2010-10-01,2010-10-26 15:09:00,2011-01-25 11:59:00,2,270.48,318,2,270.48,2,2,1,2,Hibernating,106.83,90.0,106.83
15894,2010-12-01,2010-12-05 14:06:00,2011-03-31 13:50:00,2,257.59999999999997,253,2,257.59999999999997,2,2,1,2,Hibernating,106.81,115.0,106.81
15607,2010-01-01,2010-01-08 12:16:00,2011-01-07 12:44:00,9,1708.97,336,9,1708.97,2,5,4,4,At Risk – High Value,104.76,16.5,104.76
17548,2010-11-01,2010-11-08 16:19:00,2011-04-20 12:01:00,4,731.26,233,4,731.26,2,4,3,4,At Risk – High Value,103.3,12.0,103.3
13948,2009-12-01,2009-12-04 12:14:00,2010-12-14 10:18:00,4,548.76,360,4,548.76,2,3,2,2,Hibernating,101.99999999999999,87.0,101.99999999999999
16498,2011-06-01,2011-06-30 19:52:00,2011-07-01 15:07:00,2,100.97000000000001,161,2,100.97000000000001,3,2,1,2,Need Attention,100.97000000000001,0.0,100.97000000000001
13703,2010-10-01,2010-10-20 13:11:00,2011-01-25 13:10:00,2,425.56,318,2,425.56,2,2,2,2,Hibernating,99.5,96.0,99.5
16835,2010-05-01,2010-05-19 08:41:00,2011-08-03 13:50:00,6,1456.6599999999999,128,6,1456.6599999999999,3,4,4,4,Loyal,99.1,41.0,99.1
15422,2010-02-01,2010-02-07 11:52:00,2011-01-20 16:17:00,7,1619.9700000000003,323,7,1619.9700000000003,2,4,4,4,At Risk – High Value,97.7,61.0,97.7
16387,2010-03-01,2010-03-11 12:22:00,2011-01-21 11:34:00,5,882.46,322,5,882.46,2,4,3,4,At Risk – High Value,94.36,55.0,94.36
16402,2010-12-01,2010-12-05 13:42:00,2011-03-20 12:25:00,2,293.44999999999993,264,2,293.44999999999993,2,2,2,2,Hibernating,87.8,104.0,87.8
13296,2010-05-01,2010-05-11 14:29:00,2011-07-25 13:46:00,6,792.51,137,6,792.51,3,4,3,4,Loyal,87.4,37.0,87.4
15729,2010-11-01,2010-11-01 13:44:00,2011-05-11 12:36:00,3,192.55,212,3,192.55,2,3,1,2,Hibernating,85.0,95.0,85.0
16148,2010-09-01,2010-09-29 10:12:00,2011-02-16 14:01:00,2,386.62,296,2,386.62,2,2,2,2,Hibernating,76.32000000000001,140.0,76.32000000000001
17995,2010-11-01,2010-11-17 17:01:00,2011-03-03 12:30:00,3,495.48,281,3,495.48,2,3,2,2,Hibernating,76.1,52.0,76.1
18050,2010-11-01,2010-11-11 15:51:00,2010-12-15 14:25:00,2,412.05999999999995,359,2,412.05999999999995,2,3,2,2,Hibernating,74.4,33.0,74.4
18037,2009-12-01,2009-12-01 13:48:00,2011-07-08 13:39:00,15,167.42,154,15,167.42,3,5,1,3,Loyal,70.02,35.0,70.02
17382,2010-05-01,2010-05-19 11:33:00,2011-10-05 13:05:00,8,902.28,65,8,902.28,3,5,3,4,Loyal,65.4,14.0,65.4
13684,2010-03-01,2010-03-28 14:48:00,2011-02-27 10:13:00,4,594.88,285,4,594.88,2,3,2,2,Hibernating,65.13000000000001,104.0,65.13000000000001
16634,2010-01-01,2010-01-21 09:30:00,2011-05-01 12:09:00,6,1649.81,222,6,1649.81,2,4,4,4,At Risk – High Value,53.1,67.0,53.1
14682,2010-02-01,2010-02-05 14:47:00,2011-06-05 12:12:00,6,1514.81,187,6,1514.81,2,4,4,4,At Risk – High Value,52.0,89.0,52.0
12977,2010-07-01,2010-07-16 16:25:00,2011-07-06 16:40:00,4,513.88,156,4,513.88,3,3,2,2,Need Attention,39.24,9.0,39.24
16765,2010-11-01,2010-11-22 13:42:00,2011-02-18 15:41:00,2,454.7499999999998,294,2,454.7499999999998,2,2,2,2,Hibernating,34.0,88.0,34.0
18268,2009-12-01,2009-12-11 10:27:00,2011-07-28 19:13:00,6,1490.23,134,6,1490.23,3,4,4,4,Loyal,25.5,33.0,25.5
12755,2010-01-01,2010-01-15 11:57:00,2011-03-04 12:42:00,11,5236.259999999999,280,11,5236.259999999999,2,5,5,5,At Risk – High Value,17.549999999999997,19.5,17.549999999999997
17763,2010-02-01,2010-02-18 14:32:00,2011-03-21 14:25:00,4,86.15,263,4,86.15,2,4,1,2,Hibernating,15.0,5.0,15.0
